PercentSeason,PercentArea,DRP.mg.per.L
0.0002756,0.2727128,
0.0005513,0.2671418,
0.0008269,0.2486372,
0.0011025,0.2356860,
0.0013782,0.2226290,
0.0016538,0.2119220,
0.0019294,0.2059304,
0.0022051,0.1995795,
0.0024807,0.1939243,
0.0027563,0.1883954,
0.0030320,0.1813594,
0.0033076,0.1798687,
0.0035832,0.1797334,
0.0038589,0.1792600,
0.0041345,0.1777752,
0.0044101,0.1773037,
0.0046858,0.1770344,
0.0049614,0.1766308,
0.0052371,0.1764291,
0.0055127,0.1740818,0.173
0.0057883,0.1738142,
0.0060640,0.1732127,
0.0063396,0.1731459,
0.0066152,0.1728121,
0.0068909,0.1725451,
0.0071665,0.1719451,
0.0074421,0.1709466,
0.0077178,0.1707471,
0.0079934,0.1702820,
0.0082690,0.1702820,
0.0085447,0.1698174,
0.0088203,0.1698174,
0.0090959,0.1692206,
0.0093716,0.1667085,
0.0096472,0.1664448,0.237
0.0099228,0.1664448,
0.0101985,0.1640779,
0.0104741,0.1636846,
0.0107497,0.1635535,
0.0110254,0.1624409,
0.0113010,0.1623756,
0.0115766,0.1621142,
0.0118523,0.1617877,
0.0121279,0.1612005,
0.0124035,0.1608094,
0.0126792,0.1606140,
0.0129548,0.1605489,
0.0132304,0.1603536,
0.0135061,0.1600282,
0.0137817,0.1600282,
0.0140573,0.1599632,
0.0143330,0.1596381,
0.0146086,0.1594432,
0.0148842,0.1589886,
0.0151599,0.1589237,
0.0154355,0.1588588,
0.0157111,0.1585345,
0.0159868,0.1584048,
0.0162624,0.1584048,
0.0165380,0.1577570,
0.0168137,0.1573040,
0.0170893,0.1571747,
0.0173649,0.1571747,
0.0176406,0.1568515,
0.0179162,0.1566577,
0.0181918,0.1565931,
0.0184675,0.1563994,
0.0187431,0.1559477,
0.0190187,0.1558187,
0.0192944,0.1554320,
0.0195700,0.1553032,
0.0198457,0.1552388,
0.0201213,0.1551100,
0.0203969,0.1551100,
0.0206726,0.1550457,
0.0209482,0.1545953,
0.0212238,0.1545310,
0.0214995,0.1544024,
0.0217751,0.1541453,
0.0220507,0.1540811,
0.0223264,0.1540811,
0.0226020,0.1540168,
0.0228776,0.1537600,
0.0231533,0.1535033,
0.0234289,0.1533750,
0.0237045,0.1533108,
0.0239802,0.1533108,
0.0242558,0.1531826,
0.0245314,0.1530544,
0.0248071,0.1530544,
0.0250827,0.1528621,
0.0253583,0.1528621,
0.0256340,0.1524778,
0.0259096,0.1524778,
0.0261852,0.1524138,
0.0264609,0.1523498,
0.0267365,0.1523498,
0.0270121,0.1523498,
0.0272878,0.1521578,
0.0275634,0.1520938,
0.0278390,0.1520299,
0.0281147,0.1520299,
0.0283903,0.1519020,
0.0286659,0.1519020,
0.0289416,0.1516463,
0.0292172,0.1514546,
0.0294928,0.1513907,
0.0297685,0.1513269,
0.0300441,0.1512630,
0.0303197,0.1510715,
0.0305954,0.1507524,
0.0308710,0.1506249,
0.0311466,0.1506249,
0.0314223,0.1505611,
0.0316979,0.1503699,
0.0319735,0.1501787,
0.0322492,0.1501787,
0.0325248,0.1501150,
0.0328004,0.1501150,
0.0330761,0.1499240,
0.0333517,0.1496694,
0.0336273,0.1496057,
0.0339030,0.1492877,
0.0341786,0.1492877,
0.0344542,0.1487793,
0.0347299,0.1485888,
0.0350055,0.1485888,
0.0352812,0.1482081,
0.0355568,0.1482081,
0.0358324,0.1480812,
0.0361081,0.1480812,
0.0363837,0.1480178,
0.0366593,0.1478910,
0.0369350,0.1474475,
0.0372106,0.1471943,
0.0374862,0.1471943,
0.0377619,0.1471310,
0.0380375,0.1468146,
0.0383131,0.1468146,
0.0385888,0.1467514,
0.0388644,0.1467514,
0.0391400,0.1466882,
0.0394157,0.1466882,
0.0396913,0.1464354,
0.0399669,0.1462458,
0.0402426,0.1457408,
0.0405182,0.1456777,
0.0407938,0.1450473,
0.0410695,0.1449843,
0.0413451,0.1444807,
0.0416207,0.1444807,
0.0418964,0.1443549,
0.0421720,0.1442291,
0.0424476,0.1441034,
0.0427233,0.1436007,
0.0429989,0.1434124,
0.0432745,0.1433496,
0.0435502,0.1432241,
0.0438258,0.1429105,
0.0441014,0.1426598,
0.0443771,0.1425345,
0.0446527,0.1424719,
0.0449283,0.1424092,
0.0452040,0.1423466,0.431
0.0454796,0.1423466,
0.0457552,0.1423466,
0.0460309,0.1420962,
0.0463065,0.1420336,
0.0465821,0.1419711,
0.0468578,0.1419711,
0.0471334,0.1416583,
0.0474090,0.1413458,
0.0476847,0.1411584,
0.0479603,0.1410335,
0.0482359,0.1410335,
0.0485116,0.1409087,
0.0487872,0.1408463,
0.0490628,0.1406591,
0.0493385,0.1404096,
0.0496141,0.1404096,
0.0498898,0.1403473,
0.0501654,0.1402850,
0.0504410,0.1402850,
0.0507167,0.1402226,
0.0509923,0.1401603,
0.0512679,0.1401603,
0.0515436,0.1400980,
0.0518192,0.1400357,
0.0520948,0.1400357,
0.0523705,0.1399734,
0.0526461,0.1399111,
0.0529217,0.1398489,
0.0531974,0.1398489,
0.0534730,0.1397243,
0.0537486,0.1396621,
0.0540243,0.1396621,
0.0542999,0.1395376,
0.0545755,0.1392888,
0.0548512,0.1392266,
0.0551268,0.1392266,
0.0554024,0.1392266,
0.0556781,0.1392266,
0.0559537,0.1392266,
0.0562293,0.1391644,
0.0565050,0.1391644,
0.0567806,0.1390401,
0.0570562,0.1389158,
0.0573319,0.1389158,
0.0576075,0.1389158,
0.0578831,0.1389158,
0.0581588,0.1388537,
0.0584344,0.1388537,
0.0587100,0.1387916,
0.0589857,0.1387916,
0.0592613,0.1387916,
0.0595369,0.1387294,
0.0598126,0.1386673,
0.0600882,0.1386052,
0.0603638,0.1386052,
0.0606395,0.1384811,
0.0609151,0.1384811,
0.0611907,0.1384811,
0.0614664,0.1384190,
0.0617420,0.1383569,
0.0620176,0.1383569,
0.0622933,0.1382949,
0.0625689,0.1382949,
0.0628445,0.1381708,0.224
0.0631202,0.1381088,
0.0633958,0.1381088,
0.0636714,0.1380468,
0.0639471,0.1380468,
0.0642227,0.1380468,
0.0644984,0.1379847,
0.0647740,0.1379227,
0.0650496,0.1379227,
0.0653253,0.1378608,
0.0656009,0.1378608,
0.0658765,0.1377988,
0.0661522,0.1376748,
0.0664278,0.1376748,
0.0667034,0.1375509,
0.0669791,0.1374890,
0.0672547,0.1374890,
0.0675303,0.1374890,
0.0678060,0.1374271,0.518
0.0680816,0.1374271,
0.0683572,0.1373651,
0.0686329,0.1373032,
0.0689085,0.1373032,
0.0691841,0.1372413,
0.0694598,0.1372413,
0.0697354,0.1371794,
0.0700110,0.1371175,
0.0702867,0.1371175,
0.0705623,0.1370556,
0.0708379,0.1370556,
0.0711136,0.1369938,
0.0713892,0.1369938,
0.0716648,0.1369938,
0.0719405,0.1369319,
0.0722161,0.1368082,
0.0724917,0.1368082,
0.0727674,0.1368082,
0.0730430,0.1368082,
0.0733186,0.1367464,
0.0735943,0.1366846,
0.0738699,0.1366227,
0.0741455,0.1365609,
0.0744212,0.1364991,
0.0746968,0.1364991,
0.0749724,0.1364991,
0.0752481,0.1364991,
0.0755237,0.1364373,
0.0757993,0.1364373,
0.0760750,0.1364373,
0.0763506,0.1364373,
0.0766262,0.1363756,
0.0769019,0.1363756,
0.0771775,0.1363138,
0.0774531,0.1362520,
0.0777288,0.1362520,
0.0780044,0.1360668,
0.0782800,0.1359433,
0.0785557,0.1359433,
0.0788313,0.1359433,
0.0791070,0.1358816,
0.0793826,0.1358816,
0.0796582,0.1358816,
0.0799339,0.1357582,
0.0802095,0.1357582,
0.0804851,0.1357582,
0.0807608,0.1357582,
0.0810364,0.1356965,
0.0813120,0.1356965,
0.0815877,0.1356349,
0.0818633,0.1355732,
0.0821389,0.1355115,
0.0824146,0.1355115,
0.0826902,0.1355115,
0.0829658,0.1354499,
0.0832415,0.1354499,
0.0835171,0.1352650,
0.0837927,0.1352650,
0.0840684,0.1352650,
0.0843440,0.1352650,
0.0846196,0.1351418,
0.0848953,0.1351418,
0.0851709,0.1351418,
0.0854465,0.1350802,
0.0857222,0.1350186,
0.0859978,0.1350186,
0.0862734,0.1349570,
0.0865491,0.1348339,
0.0868247,0.1348339,
0.0871003,0.1347723,
0.0873760,0.1347108,
0.0876516,0.1347108,0.817
0.0879272,0.1347108,
0.0882029,0.1347108,
0.0884785,0.1346492,
0.0887541,0.1346492,
0.0890298,0.1345877,
0.0893054,0.1345877,
0.0895810,0.1345262,
0.0898567,0.1344647,
0.0901323,0.1344647,
0.0904079,0.1344032,
0.0906836,0.1343417,
0.0909592,0.1343417,
0.0912348,0.1342802,
0.0915105,0.1342187,
0.0917861,0.1342187,0.273
0.0920617,0.1341572,
0.0923374,0.1340958,
0.0926130,0.1340958,
0.0928886,0.1339729,
0.0931643,0.1339729,
0.0934399,0.1339115,
0.0937156,0.1339115,
0.0939912,0.1339115,
0.0942668,0.1337272,
0.0945425,0.1336658,
0.0948181,0.1336658,
0.0950937,0.1336044,
0.0953694,0.1336044,
0.0956450,0.1335430,
0.0959206,0.1334817,
0.0961963,0.1334817,
0.0964719,0.1334203,
0.0967475,0.1334203,
0.0970232,0.1332976,
0.0972988,0.1332976,
0.0975744,0.1332976,
0.0978501,0.1332363,
0.0981257,0.1331750,
0.0984013,0.1331750,
0.0986770,0.1330523,
0.0989526,0.1330523,
0.0992282,0.1330523,
0.0995039,0.1328685,
0.0997795,0.1328685,
0.1000551,0.1328072,
0.1003308,0.1328072,
0.1006064,0.1327459,
0.1008820,0.1327459,
0.1011577,0.1326847,
0.1014333,0.1324397,
0.1017089,0.1324397,
0.1019846,0.1323785,
0.1022602,0.1322561,
0.1025358,0.1321337,
0.1028115,0.1321337,
0.1030871,0.1321337,
0.1033627,0.1320114,
0.1036384,0.1320114,
0.1039140,0.1320114,
0.1041896,0.1319503,
0.1044653,0.1319503,
0.1047409,0.1317669,
0.1050165,0.1317669,
0.1052922,0.1316446,
0.1055678,0.1316446,
0.1058434,0.1315835,
0.1061191,0.1315225,
0.1063947,0.1315225,
0.1066703,0.1314003,
0.1069460,0.1314003,
0.1072216,0.1314003,
0.1074972,0.1313392,
0.1077729,0.1313392,
0.1080485,0.1311561,
0.1083242,0.1310951,
0.1085998,0.1310951,
0.1088754,0.1310340,
0.1091511,0.1309120,
0.1094267,0.1307901,
0.1097023,0.1307901,
0.1099780,0.1307291,
0.1102536,0.1307291,
0.1105292,0.1307291,
0.1108049,0.1307291,
0.1110805,0.1306681,
0.1113561,0.1306681,
0.1116318,0.1306072,
0.1119074,0.1306072,
0.1121830,0.1305462,
0.1124587,0.1305462,
0.1127343,0.1305462,
0.1130099,0.1305462,
0.1132856,0.1304853,
0.1135612,0.1304853,
0.1138368,0.1303634,
0.1141125,0.1303634,
0.1143881,0.1303025,
0.1146637,0.1303025,
0.1149394,0.1301807,
0.1152150,0.1301807,
0.1154906,0.1301807,
0.1157663,0.1301807,
0.1160419,0.1301807,
0.1163175,0.1301807,
0.1165932,0.1301198,
0.1168688,0.1301198,
0.1171444,0.1300589,
0.1174201,0.1300589,
0.1176957,0.1300589,
0.1179713,0.1300589,
0.1182470,0.1299980,
0.1185226,0.1299980,
0.1187982,0.1299980,
0.1190739,0.1298763,
0.1193495,0.1298155,
0.1196251,0.1298155,
0.1199008,0.1298155,
0.1201764,0.1297546,
0.1204520,0.1296938,
0.1207277,0.1295114,
0.1210033,0.1295114,
0.1212789,0.1294506,
0.1215546,0.1293898,
0.1218302,0.1293898,
0.1221058,0.1293290,
0.1223815,0.1292683,
0.1226571,0.1292683,
0.1229328,0.1292075,0.419
0.1232084,0.1292075,
0.1234840,0.1292075,
0.1237597,0.1292075,
0.1240353,0.1291468,
0.1243109,0.1290860,
0.1245866,0.1290860,
0.1248622,0.1290860,0.244
0.1251378,0.1290860,0.137
0.1254135,0.1289646,
0.1256891,0.1289039,
0.1259647,0.1287825,
0.1262404,0.1287825,
0.1265160,0.1287218,
0.1267916,0.1286611,
0.1270673,0.1285398,
0.1273429,0.1285398,
0.1276185,0.1285398,
0.1278942,0.1284791,
0.1281698,0.1284791,
0.1284454,0.1284185,
0.1287211,0.1282366,
0.1289967,0.1282366,
0.1292723,0.1281154,
0.1295480,0.1281154,
0.1298236,0.1281154,
0.1300992,0.1280548,
0.1303749,0.1279942,
0.1306505,0.1279336,
0.1309261,0.1279336,
0.1312018,0.1279336,
0.1314774,0.1278731,
0.1317530,0.1278731,
0.1320287,0.1278731,
0.1323043,0.1278731,
0.1325799,0.1278731,
0.1328556,0.1278731,
0.1331312,0.1277520,
0.1334068,0.1276914,
0.1336825,0.1276914,
0.1339581,0.1276309,
0.1342337,0.1276309,
0.1345094,0.1275099,
0.1347850,0.1275099,
0.1350606,0.1274494,
0.1353363,0.1273284,
0.1356119,0.1273284,
0.1358875,0.1272679,
0.1361632,0.1272679,
0.1364388,0.1272679,
0.1367144,0.1272074,
0.1369901,0.1272074,
0.1372657,0.1270865,
0.1375414,0.1270261,
0.1378170,0.1269657,
0.1380926,0.1269052,0.49
0.1383683,0.1269052,
0.1386439,0.1268448,
0.1389195,0.1268448,
0.1391952,0.1267844,
0.1394708,0.1267844,
0.1397464,0.1267240,
0.1400221,0.1266033,
0.1402977,0.1266033,
0.1405733,0.1265429,
0.1408490,0.1264222,
0.1411246,0.1263618,
0.1414002,0.1263015,
0.1416759,0.1262412,
0.1419515,0.1262412,
0.1422271,0.1261205,
0.1425028,0.1261205,
0.1427784,0.1259999,
0.1430540,0.1259396,
0.1433297,0.1258794,
0.1436053,0.1258794,
0.1438809,0.1257588,
0.1441566,0.1256986,
0.1444322,0.1256986,
0.1447078,0.1256384,
0.1449835,0.1256384,
0.1452591,0.1255781,
0.1455347,0.1255781,
0.1458104,0.1255179,
0.1460860,0.1253975,
0.1463616,0.1253975,
0.1466373,0.1253975,
0.1469129,0.1252771,
0.1471885,0.1252771,
0.1474642,0.1252771,
0.1477398,0.1252169,
0.1480154,0.1251568,
0.1482911,0.1251568,
0.1485667,0.1251568,
0.1488423,0.1249763,
0.1491180,0.1249162,
0.1493936,0.1248560,
0.1496692,0.1247959,
0.1499449,0.1245555,
0.1502205,0.1243753,
0.1504961,0.1242553,
0.1507718,0.1241352,
0.1510474,0.1240152,
0.1513230,0.1240152,
0.1515987,0.1239552,
0.1518743,0.1238952,
0.1521499,0.1238352,
0.1524256,0.1235954,
0.1527012,0.1235954,
0.1529769,0.1235355,
0.1532525,0.1234755,
0.1535281,0.1234755,
0.1538038,0.1234755,
0.1540794,0.1232958,
0.1543550,0.1232359,
0.1546307,0.1231761,
0.1549063,0.1231761,
0.1551819,0.1229965,
0.1554576,0.1229366,
0.1557332,0.1229366,
0.1560088,0.1228768,
0.1562845,0.1228170,
0.1565601,0.1227571,
0.1568357,0.1226973,
0.1571114,0.1226375,
0.1573870,0.1225777,
0.1576626,0.1225777,
0.1579383,0.1225179,
0.1582139,0.1224582,
0.1584895,0.1223984,
0.1587652,0.1223386,
0.1590408,0.1221594,
0.1593164,0.1221594,
0.1595921,0.1220997,
0.1598677,0.1220997,
0.1601433,0.1219803,
0.1604190,0.1219803,
0.1606946,0.1219206,
0.1609702,0.1219206,
0.1612459,0.1219206,
0.1615215,0.1219206,
0.1617971,0.1219206,
0.1620728,0.1218609,
0.1623484,0.1218609,
0.1626240,0.1218609,
0.1628997,0.1218609,
0.1631753,0.1217415,
0.1634509,0.1217415,
0.1637266,0.1217415,
0.1640022,0.1216819,
0.1642778,0.1216222,
0.1645535,0.1215626,
0.1648291,0.1215626,
0.1651047,0.1215626,
0.1653804,0.1215029,
0.1656560,0.1215029,
0.1659316,0.1215029,
0.1662073,0.1215029,
0.1664829,0.1215029,
0.1667585,0.1214433,
0.1670342,0.1213837,
0.1673098,0.1213837,
0.1675855,0.1213241,0.343
0.1678611,0.1213241,
0.1681367,0.1212049,
0.1684124,0.1212049,
0.1686880,0.1212049,
0.1689636,0.1211453,
0.1692393,0.1211453,
0.1695149,0.1210857,
0.1697905,0.1209666,
0.1700662,0.1209666,
0.1703418,0.1209071,
0.1706174,0.1208475,
0.1708931,0.1207880,
0.1711687,0.1207880,
0.1714443,0.1207285,
0.1717200,0.1207285,
0.1719956,0.1206690,
0.1722712,0.1206690,
0.1725469,0.1206690,
0.1728225,0.1206095,
0.1730981,0.1205500,
0.1733738,0.1204905,
0.1736494,0.1204905,
0.1739250,0.1204310,
0.1742007,0.1204310,
0.1744763,0.1203121,
0.1747519,0.1203121,
0.1750276,0.1203121,
0.1753032,0.1202526,
0.1755788,0.1202526,
0.1758545,0.1201337,
0.1761301,0.1201337,
0.1764057,0.1200149,
0.1766814,0.1200149,
0.1769570,0.1199555,
0.1772326,0.1199555,
0.1775083,0.1199555,
0.1777839,0.1199555,
0.1780595,0.1198367,
0.1783352,0.1197180,
0.1786108,0.1197180,
0.1788864,0.1196586,
0.1791621,0.1196586,
0.1794377,0.1195992,
0.1797133,0.1195399,
0.1799890,0.1195399,
0.1802646,0.1194212,
0.1805402,0.1194212,
0.1808159,0.1192433,
0.1810915,0.1191840,
0.1813671,0.1191840,
0.1816428,0.1191247,
0.1819184,0.1190654,
0.1821941,0.1190062,
0.1824697,0.1190062,
0.1827453,0.1190062,
0.1830210,0.1188877,
0.1832966,0.1188877,
0.1835722,0.1188284,
0.1838479,0.1187692,
0.1841235,0.1187692,
0.1843991,0.1187692,
0.1846748,0.1187100,
0.1849504,0.1187100,
0.1852260,0.1186507,
0.1855017,0.1185915,
0.1857773,0.1185323,
0.1860529,0.1185323,
0.1863286,0.1184731,
0.1866042,0.1183548,
0.1868798,0.1182956,
0.1871555,0.1178227,
0.1874311,0.1177045,
0.1877067,0.1177045,
0.1879824,0.1176454,
0.1882580,0.1175864,
0.1885336,0.1174683,
0.1888093,0.1174683,
0.1890849,0.1174683,
0.1893605,0.1173502,
0.1896362,0.1171142,
0.1899118,0.1169963,
0.1901874,0.1167605,
0.1904631,0.1165837,
0.1907387,0.1163482,
0.1910143,0.1162893,
0.1912900,0.1162893,
0.1915656,0.1162305,
0.1918412,0.1162305,
0.1921169,0.1159951,0.252
0.1923925,0.1158775,
0.1926681,0.1158775,
0.1929438,0.1158187,
0.1932194,0.1157599,
0.1934950,0.1155836,
0.1937707,0.1153487,
0.1940463,0.1149379,
0.1943219,0.1148206,
0.1945976,0.1147619,
0.1948732,0.1145861,
0.1951488,0.1144103,
0.1954245,0.1142346,
0.1957001,0.1140590,
0.1959757,0.1138834,
0.1962514,0.1138249,
0.1965270,0.1138249,
0.1968027,0.1137080,
0.1970783,0.1136495,
0.1973539,0.1135326,
0.1976296,0.1134157,
0.1979052,0.1132989,
0.1981808,0.1132404,
0.1984565,0.1131236,
0.1987321,0.1131236,
0.1990077,0.1128902,
0.1992834,0.1128318,
0.1995590,0.1128318,
0.1998346,0.1125985,
0.2001103,0.1125402,
0.2003859,0.1125402,
0.2006615,0.1122488,
0.2009372,0.1121323,
0.2012128,0.1119577,
0.2014884,0.1118413,
0.2017641,0.1117831,
0.2020397,0.1117249,0.851
0.2023153,0.1117249,
0.2025910,0.1116085,
0.2028666,0.1114922,0.403
0.2031422,0.1113760,
0.2034179,0.1113179,
0.2036935,0.1112016,
0.2039691,0.1110274,
0.2042448,0.1109113,
0.2045204,0.1109113,
0.2047960,0.1106791,
0.2050717,0.1103891,
0.2053473,0.1103312,
0.2056229,0.1101573,
0.2058986,0.1098677,
0.2061742,0.1097519,
0.2064498,0.1097519,
0.2067255,0.1096941,
0.2070011,0.1095783,
0.2072767,0.1095205,
0.2075524,0.1093470,
0.2078280,0.1093470,
0.2081036,0.1092892,
0.2083793,0.1092314,
0.2086549,0.1091736,
0.2089305,0.1091158,
0.2092062,0.1090580,
0.2094818,0.1090003,
0.2097574,0.1088847,
0.2100331,0.1088270,
0.2103087,0.1086538,
0.2105843,0.1083654,
0.2108600,0.1081348,
0.2111356,0.1080195,
0.2114113,0.1078467,
0.2116869,0.1077315,
0.2119625,0.1077315,
0.2122382,0.1072712,
0.2125138,0.1072138,
0.2127894,0.1070988,
0.2130651,0.1068689,
0.2133407,0.1068115,
0.2136163,0.1067541,
0.2138920,0.1065819,
0.2141676,0.1063523,
0.2144432,0.1062950,
0.2147189,0.1062376,
0.2149945,0.1061230,
0.2152701,0.1061230,
0.2155458,0.1058937,
0.2158214,0.1054929,
0.2160970,0.1054357,
0.2163727,0.1054357,
0.2166483,0.1053785,
0.2169239,0.1053212,
0.2171996,0.1052069,
0.2174752,0.1052069,
0.2177508,0.1050353,
0.2180265,0.1047496,
0.2183021,0.1047496,
0.2185777,0.1046925,
0.2188534,0.1045783,
0.2191290,0.1044071,
0.2194046,0.1038369,
0.2196803,0.1036660,
0.2199559,0.1036091,
0.2202315,0.1035521,
0.2205072,0.1035521,
0.2207828,0.1034952,
0.2210584,0.1033245,
0.2213341,0.1033245,
0.2216097,0.1029264,
0.2218853,0.1028127,
0.2221610,0.1026991,
0.2224366,0.1024720,
0.2227122,0.1024152,
0.2229879,0.1020748,
0.2232635,0.1020181,
0.2235391,0.1019048,
0.2238148,0.1017914,
0.2240904,0.1017348,
0.2243660,0.1015649,
0.2246417,0.1012818,
0.2249173,0.1012253,
0.2251929,0.1010556,
0.2254686,0.1010556,
0.2257442,0.1009990,
0.2260199,0.1009990,
0.2262955,0.1009425,
0.2265711,0.1009425,
0.2268468,0.1008295,
0.2271224,0.1007729,
0.2273980,0.1006600,
0.2276737,0.1005470,
0.2279493,0.1004341,
0.2282249,0.1002084,
0.2285006,0.1002084,
0.2287762,0.0999828,
0.2290518,0.0999264,
0.2293275,0.0998137,
0.2296031,0.0997573,
0.2298787,0.0997573,
0.2301544,0.0997573,
0.2304300,0.0996446,
0.2307056,0.0995883,
0.2309813,0.0994194,
0.2312569,0.0994194,
0.2315325,0.0992506,
0.2318082,0.0989131,
0.2320838,0.0989131,
0.2323594,0.0988569,
0.2326351,0.0988007,
0.2329107,0.0988007,
0.2331863,0.0986322,
0.2334620,0.0984637,
0.2337376,0.0983514,
0.2340132,0.0982392,
0.2342889,0.0980709,
0.2345645,0.0980709,
0.2348401,0.0979027,
0.2351158,0.0977345,
0.2353914,0.0976225,0.632
0.2356670,0.0976225,
0.2359427,0.0965598,
0.2362183,0.0965598,
0.2364939,0.0963923,
0.2367696,0.0960018,
0.2370452,0.0956117,
0.2373208,0.0954447,
0.2375965,0.0953334,
0.2378721,0.0952777,
0.2381477,0.0951664,
0.2384234,0.0944995,
0.2386990,0.0943885,
0.2389746,0.0938339,
0.2392503,0.0935569,
0.2395259,0.0935569,
0.2398015,0.0934462,
0.2400772,0.0933909,
0.2403528,0.0931142,
0.2406285,0.0930589,
0.2409041,0.0927826,
0.2411797,0.0926721,
0.2414554,0.0920099,
0.2417310,0.0919548,
0.2420066,0.0918446,
0.2422823,0.0916242,
0.2425579,0.0914041,
0.2428335,0.0911290,
0.2431092,0.0909641,
0.2433848,0.0909091,
0.2436604,0.0907992,
0.2439361,0.0906894,
0.2442117,0.0906345,
0.2444873,0.0905796,
0.2447630,0.0903600,
0.2450386,0.0902503,
0.2453142,0.0902503,
0.2455899,0.0902503,
0.2458655,0.0901955,
0.2461411,0.0898118,
0.2464168,0.0892645,
0.2466924,0.0891551,
0.2469680,0.0890458,
0.2472437,0.0883360,
0.2475193,0.0880635,
0.2477949,0.0880090,0.225
0.2480706,0.0877366,
0.2483462,0.0877366,
0.2486218,0.0876822,
0.2488975,0.0874645,
0.2491731,0.0873014,
0.2494487,0.0871926,
0.2497244,0.0871926,
0.2500000,0.0864867,
0.2502756,0.0864867,
0.2505513,0.0860531,
0.2508269,0.0855118,
0.2511025,0.0852955,
0.2513782,0.0852955,
0.2516538,0.0852955,
0.2519294,0.0847555,
0.2522051,0.0846475,
0.2524807,0.0846475,
0.2527563,0.0845397,
0.2530320,0.0845397,
0.2533076,0.0843779,
0.2535832,0.0843240,
0.2538589,0.0840008,
0.2541345,0.0838394,
0.2544101,0.0831405,
0.2546858,0.0828721,
0.2549614,0.0824968,
0.2552371,0.0820148,
0.2555127,0.0819078,
0.2557883,0.0818543,
0.2560640,0.0817473,
0.2563396,0.0814266,
0.2566152,0.0811063,
0.2568909,0.0805198,
0.2571665,0.0804133,
0.2574421,0.0801471,
0.2577178,0.0800407,0.451
0.2579934,0.0796154,
0.2582690,0.0794030,
0.2585447,0.0793500,
0.2588203,0.0791908,
0.2590959,0.0789256,
0.2593716,0.0787137,
0.2596472,0.0786607,
0.2599228,0.0783960,
0.2601985,0.0782373,
0.2604741,0.0778144,
0.2607497,0.0776032,
0.2610254,0.0772339,
0.2613010,0.0772339,
0.2615766,0.0772339,
0.2618523,0.0770757,
0.2621279,0.0766018,
0.2624035,0.0764440,
0.2626792,0.0763388,
0.2629548,0.0763388,
0.2632304,0.0762862,
0.2635061,0.0762336,
0.2637817,0.0761811,
0.2640573,0.0756560,
0.2643330,0.0754462,
0.2646086,0.0752890,
0.2648842,0.0750794,
0.2651599,0.0745039,
0.2654355,0.0742949,
0.2657111,0.0738251,
0.2659868,0.0737208,
0.2662624,0.0735123,
0.2665380,0.0733040,
0.2668137,0.0732519,
0.2670893,0.0729917,
0.2673649,0.0727318,
0.2676406,0.0723163,
0.2679162,0.0722644,
0.2681918,0.0720568,
0.2684675,0.0717977,
0.2687431,0.0716940,
0.2690187,0.0716423,
0.2692944,0.0715387,
0.2695700,0.0714869,
0.2698457,0.0712799,
0.2701213,0.0712282,
0.2703969,0.0711765,
0.2706726,0.0711248,
0.2709482,0.0710214,
0.2712238,0.0709697,
0.2714995,0.0707115,
0.2717751,0.0706598,
0.2720507,0.0702987,
0.2723264,0.0702987,
0.2726020,0.0702987,
0.2728776,0.0702471,
0.2731533,0.0701440,
0.2734289,0.0700925,
0.2737045,0.0699895,
0.2739802,0.0699380,
0.2742558,0.0699380,
0.2745314,0.0697835,
0.2748071,0.0694234,
0.2750827,0.0691665,
0.2753583,0.0690124,
0.2756340,0.0689097,
0.2759096,0.0687045,
0.2761852,0.0686532,
0.2764609,0.0686532,
0.2767365,0.0680385,
0.2770121,0.0676805,
0.2772878,0.0675782,
0.2775634,0.0671697,
0.2778390,0.0669147,
0.2781147,0.0667618,
0.2783903,0.0664562,
0.2786659,0.0662527,
0.2789416,0.0662018,
0.2792172,0.0661001,
0.2794928,0.0659984,
0.2797685,0.0657444,
0.2800441,0.0651864,
0.2803197,0.0650850,
0.2805954,0.0648318,
0.2808710,0.0645788,
0.2811466,0.0644271,
0.2814223,0.0640734,
0.2816979,0.0638210,
0.2819735,0.0637202,
0.2822492,0.0636193,
0.2825248,0.0636193,
0.2828004,0.0635689,
0.2830761,0.0633674,
0.2833517,0.0633170,
0.2836273,0.0627636,
0.2839030,0.0625123,
0.2841786,0.0624621,
0.2844542,0.0623617,
0.2847299,0.0623115,
0.2850055,0.0619103,
0.2852812,0.0616098,
0.2855568,0.0615597,
0.2858324,0.0615097,
0.2861081,0.0614096,
0.2863837,0.0613596,
0.2866593,0.0613096,
0.2869350,0.0611096,
0.2872106,0.0608598,
0.2874862,0.0606602,
0.2877619,0.0603111,
0.2880375,0.0602613,
0.2883131,0.0601118,
0.2885888,0.0599625,
0.2888644,0.0595646,
0.2891400,0.0594155,
0.2894157,0.0592665,
0.2896913,0.0592665,
0.2899669,0.0592168,
0.2902426,0.0592168,
0.2905182,0.0590679,
0.2907938,0.0589687,
0.2910695,0.0589191,
0.2913451,0.0585722,
0.2916207,0.0585722,
0.2918964,0.0585227,
0.2921720,0.0583247,
0.2924476,0.0582257,
0.2927233,0.0581268,
0.2929989,0.0580774,
0.2932745,0.0580279,
0.2935502,0.0579785,
0.2938258,0.0578797,
0.2941014,0.0576821,
0.2943771,0.0575341,
0.2946527,0.0574847,
0.2949283,0.0573861,
0.2952040,0.0571889,
0.2954796,0.0567949,
0.2957552,0.0565981,
0.2960309,0.0564014,
0.2963065,0.0563032,
0.2965821,0.0562540,
0.2968578,0.0561558,
0.2971334,0.0558124,
0.2974090,0.0557633,
0.2976847,0.0557143,
0.2979603,0.0555183,
0.2982359,0.0552245,
0.2985116,0.0551756,
0.2987872,0.0549311,
0.2990628,0.0549311,
0.2993385,0.0548822,
0.2996141,0.0548822,
0.2998898,0.0547356,
0.3001654,0.0544915,
0.3004410,0.0543452,
0.3007167,0.0540039,
0.3009923,0.0540039,
0.3012679,0.0539065,
0.3015436,0.0537118,
0.3018192,0.0535172,
0.3020948,0.0533228,
0.3023705,0.0531285,
0.3026461,0.0529829,
0.3029217,0.0527888,
0.3031974,0.0525465,
0.3034730,0.0523527,
0.3037486,0.0520624,
0.3040243,0.0518690,
0.3042999,0.0517724,
0.3045755,0.0512897,
0.3048512,0.0509524,
0.3051268,0.0508079,
0.3054024,0.0506154,
0.3056781,0.0506154,
0.3059537,0.0503750,
0.3062293,0.0501829,
0.3065050,0.0501829,
0.3067806,0.0492721,
0.3070562,0.0487462,
0.3073319,0.0487462,
0.3076075,0.0486029,
0.3078831,0.0485552,
0.3081588,0.0482214,
0.3084344,0.0479355,
0.3087100,0.0474124,
0.3089857,0.0474124,
0.3092613,0.0468902,
0.3095369,0.0466533,
0.3098126,0.0464638,
0.3100882,0.0464165,
0.3103638,0.0457548,
0.3106395,0.0455188,
0.3109151,0.0450476,
0.3111907,0.0449535,
0.3114664,0.0445303,
0.3117420,0.0444834,
0.3120176,0.0443425,
0.3122933,0.0442956,
0.3125689,0.0442486,
0.3128445,0.0436393,
0.3131202,0.0429848,
0.3133958,0.0427515,
0.3136714,0.0427048,
0.3139471,0.0427048,
0.3142227,0.0423320,
0.3144984,0.0422854,
0.3147740,0.0417274,
0.3150496,0.0409389,
0.3153253,0.0405225,
0.3156009,0.0403839,
0.3158765,0.0402454,
0.3161522,0.0395998,
0.3164278,0.0388641,
0.3167034,0.0387264,
0.3169791,0.0386347,
0.3172547,0.0378562,
0.3175303,0.0378562,
0.3178060,0.0375364,
0.3180816,0.0374907,
0.3183572,0.0374451,
0.3186329,0.0373538,
0.3189085,0.0364886,
0.3191841,0.0358078,
0.3194598,0.0355360,
0.3197354,0.0353098,
0.3200110,0.0352193,
0.3202867,0.0349482,
0.3205623,0.0349482,
0.3208379,0.0349482,
0.3211136,0.0349031,
0.3213892,0.0348128,
0.3216648,0.0345422,
0.3219405,0.0340469,
0.3222161,0.0334628,
0.3224917,0.0334180,
0.3227674,0.0329251,
0.3230430,0.0328803,
0.3233186,0.0328803,
0.3235943,0.0322546,
0.3238699,0.0320316,
0.3241455,0.0319424,
0.3244212,0.0315416,
0.3246968,0.0315416,
0.3249724,0.0314527,
0.3252481,0.0313638,
0.3255237,0.0309196,
0.3257993,0.0307422,
0.3260750,0.0303879,
0.3263506,0.0301666,
0.3266262,0.0301224,
0.3269019,0.0298132,
0.3271775,0.0295925,
0.3274531,0.0291959,
0.3277288,0.0290199,
0.3280044,0.0289759,
0.3282800,0.0288440,
0.3285557,0.0285365,
0.3288313,0.0284049,
0.3291070,0.0283610,
0.3293826,0.0279666,
0.3296582,0.0275293,
0.3299339,0.0272236,
0.3302095,0.0270928,
0.3304851,0.0269620,
0.3307608,0.0265266,
0.3310364,0.0263093,
0.3313120,0.0257452,
0.3315877,0.0256153,
0.3318633,0.0255719,
0.3321389,0.0244061,
0.3324146,0.0234179,
0.3326902,0.0229470,
0.3329658,0.0223065,
0.3332415,0.0218381,
0.3335171,0.0185887,
0.3337927,0.0184632,
0.3340684,0.0153501,
0.3343440,0.0140369,
0.3346196,0.0126108,
0.3348953,0.0122864,
0.3351709,0.0120030,
0.3354465,0.0040088,
0.3357222,0.0020087,
0.3359978,0.0010556,
0.3362734,0.0000000,
0.3365491,0.0000000,
0.3368247,0.0000000,
0.3371003,0.0000000,
0.3373760,0.0000000,
0.3376516,0.0000000,
0.3379272,0.0000000,
0.3382029,0.0000000,
0.3384785,0.0000000,
0.3387541,0.0000000,
0.3390298,0.0000000,
0.3393054,0.0000000,
0.3395810,0.0000000,
0.3398567,0.0000000,
0.3401323,0.0000000,
0.3404079,0.0000000,
0.3406836,0.0000000,
0.3409592,0.0000000,
0.3412348,0.0000000,
0.3415105,0.0000000,
0.3417861,0.0000000,
0.3420617,0.0000000,
0.3423374,0.0000000,
0.3426130,0.0000000,
0.3428886,0.0000000,
0.3431643,0.0000000,
0.3434399,0.0000000,
0.3437156,0.0000000,
0.3439912,0.0000000,
0.3442668,0.0000000,
0.3445425,0.0000000,
0.3448181,0.0000000,
0.3450937,0.0000000,
0.3453694,0.0000000,
0.3456450,0.0000000,
0.3459206,0.0000000,
0.3461963,0.0000000,
0.3464719,0.0000000,
0.3467475,0.0000000,
0.3470232,0.0000000,
0.3472988,0.0000000,
0.3475744,0.0000000,
0.3478501,0.0000000,
0.3481257,0.0000000,
0.3484013,0.0000000,
0.3486770,0.0000000,
0.3489526,0.0000000,
0.3492282,0.0000000,
0.3495039,0.0000000,
0.3497795,0.0000000,
0.3500551,0.0000000,
0.3503308,0.0000000,
0.3506064,0.0000000,
0.3508820,0.0000000,
0.3511577,0.0000000,
0.3514333,0.0000000,
0.3517089,0.0000000,
0.3519846,0.0000000,
0.3522602,0.0000000,
0.3525358,0.0000000,
0.3528115,0.0000000,
0.3530871,0.0000000,
0.3533627,0.0000000,
0.3536384,0.0000000,
0.3539140,0.0000000,
0.3541896,0.0000000,
0.3544653,0.0000000,
0.3547409,0.0000000,
0.3550165,0.0000000,
0.3552922,0.0000000,
0.3555678,0.0000000,
0.3558434,0.0000000,
0.3561191,0.0000000,
0.3563947,0.0000000,
0.3566703,0.0000000,
0.3569460,0.0000000,
0.3572216,0.0000000,
0.3574972,0.0000000,
0.3577729,0.0000000,
0.3580485,0.0000000,
0.3583242,0.0000000,
0.3585998,0.0000000,
0.3588754,0.0000000,
0.3591511,0.0000000,
0.3594267,0.0000000,
0.3597023,0.0000000,
0.3599780,0.0000000,
0.3602536,0.0000000,
0.3605292,0.0000000,
0.3608049,0.0000000,
0.3610805,0.0000000,
0.3613561,0.0000000,
0.3616318,0.0000000,
0.3619074,0.0000000,
0.3621830,0.0000000,
0.3624587,0.0000000,
0.3627343,0.0000000,
0.3630099,0.0000000,
0.3632856,0.0000000,
0.3635612,0.0000000,
0.3638368,0.0000000,
0.3641125,0.0000000,
0.3643881,0.0000000,
0.3646637,0.0000000,
0.3649394,0.0000000,
0.3652150,0.0000000,
0.3654906,0.0000000,
0.3657663,0.0000000,
0.3660419,0.0000000,
0.3663175,0.0000000,
0.3665932,0.0000000,
0.3668688,0.0000000,
0.3671444,0.0000000,
0.3674201,0.0000000,
0.3676957,0.0000000,
0.3679713,0.0000000,
0.3682470,0.0000000,
0.3685226,0.0000000,
0.3687982,0.0000000,
0.3690739,0.0000000,
0.3693495,0.0000000,
0.3696251,0.0000000,
0.3699008,0.0000000,
0.3701764,0.0000000,
0.3704520,0.0000000,
0.3707277,0.0000000,
0.3710033,0.0000000,
0.3712789,0.0000000,
0.3715546,0.0000000,
0.3718302,0.0000000,
0.3721058,0.0000000,
0.3723815,0.0000000,
0.3726571,0.0000000,
0.3729328,0.0000000,
0.3732084,0.0000000,
0.3734840,0.0000000,
0.3737597,0.0000000,
0.3740353,0.0000000,
0.3743109,0.0000000,
0.3745866,0.0000000,
0.3748622,0.0000000,
0.3751378,0.0000000,
0.3754135,0.0000000,
0.3756891,0.0000000,
0.3759647,0.0000000,
0.3762404,0.0000000,
0.3765160,0.0000000,
0.3767916,0.0000000,
0.3770673,0.0000000,
0.3773429,0.0000000,
0.3776185,0.0000000,
0.3778942,0.0000000,
0.3781698,0.0000000,
0.3784454,0.0000000,
0.3787211,0.0000000,
0.3789967,0.0000000,
0.3792723,0.0000000,
0.3795480,0.0000000,
0.3798236,0.0000000,
0.3800992,0.0000000,
0.3803749,0.0000000,
0.3806505,0.0000000,
0.3809261,0.0000000,
0.3812018,0.0000000,
0.3814774,0.0000000,
0.3817530,0.0000000,
0.3820287,0.0000000,
0.3823043,0.0000000,
0.3825799,0.0000000,
0.3828556,0.0000000,
0.3831312,0.0000000,
0.3834068,0.0000000,
0.3836825,0.0000000,
0.3839581,0.0000000,
0.3842337,0.0000000,
0.3845094,0.0000000,
0.3847850,0.0000000,
0.3850606,0.0000000,
0.3853363,0.0000000,
0.3856119,0.0000000,
0.3858875,0.0000000,
0.3861632,0.0000000,
0.3864388,0.0000000,
0.3867144,0.0000000,
0.3869901,0.0000000,
0.3872657,0.0000000,
0.3875414,0.0000000,
0.3878170,0.0000000,
0.3880926,0.0000000,
0.3883683,0.0000000,
0.3886439,0.0000000,
0.3889195,0.0000000,
0.3891952,0.0000000,
0.3894708,0.0000000,
0.3897464,0.0000000,
0.3900221,0.0000000,
0.3902977,0.0000000,
0.3905733,0.0000000,
0.3908490,0.0000000,
0.3911246,0.0000000,
0.3914002,0.0000000,
0.3916759,0.0000000,
0.3919515,0.0000000,
0.3922271,0.0000000,
0.3925028,0.0000000,
0.3927784,0.0000000,
0.3930540,0.0000000,
0.3933297,0.0000000,
0.3936053,0.0000000,
0.3938809,0.0000000,
0.3941566,0.0000000,
0.3944322,0.0000000,
0.3947078,0.0000000,
0.3949835,0.0000000,
0.3952591,0.0000000,
0.3955347,0.0000000,
0.3958104,0.0000000,
0.3960860,0.0000000,
0.3963616,0.0000000,
0.3966373,0.0000000,
0.3969129,0.0000000,
0.3971885,0.0000000,
0.3974642,0.0000000,
0.3977398,0.0000000,
0.3980154,0.0000000,
0.3982911,0.0000000,
0.3985667,0.0000000,
0.3988423,0.0000000,
0.3991180,0.0000000,
0.3993936,0.0000000,
0.3996692,0.0000000,
0.3999449,0.0000000,
0.4002205,0.0000000,
0.4004961,0.0000000,
0.4007718,0.0000000,
0.4010474,0.0000000,
0.4013230,0.0000000,
0.4015987,0.0000000,
0.4018743,0.0000000,
0.4021499,0.0000000,
0.4024256,0.0000000,
0.4027012,0.0000000,
0.4029769,0.0000000,
0.4032525,0.0000000,
0.4035281,0.0000000,
0.4038038,0.0000000,
0.4040794,0.0000000,
0.4043550,0.0000000,
0.4046307,0.0000000,
0.4049063,0.0000000,
0.4051819,0.0000000,
0.4054576,0.0000000,
0.4057332,0.0000000,
0.4060088,0.0000000,
0.4062845,0.0000000,
0.4065601,0.0000000,
0.4068357,0.0000000,
0.4071114,0.0000000,
0.4073870,0.0000000,
0.4076626,0.0000000,
0.4079383,0.0000000,
0.4082139,0.0000000,
0.4084895,0.0000000,
0.4087652,0.0000000,
0.4090408,0.0000000,
0.4093164,0.0000000,
0.4095921,0.0000000,
0.4098677,0.0000000,
0.4101433,0.0000000,
0.4104190,0.0000000,
0.4106946,0.0000000,
0.4109702,0.0000000,
0.4112459,0.0000000,
0.4115215,0.0000000,
0.4117971,0.0000000,
0.4120728,0.0000000,
0.4123484,0.0000000,
0.4126240,0.0000000,
0.4128997,0.0000000,
0.4131753,0.0000000,
0.4134509,0.0000000,
0.4137266,0.0000000,
0.4140022,0.0000000,
0.4142778,0.0000000,
0.4145535,0.0000000,
0.4148291,0.0000000,
0.4151047,0.0000000,
0.4153804,0.0000000,
0.4156560,0.0000000,
0.4159316,0.0000000,
0.4162073,0.0000000,
0.4164829,0.0000000,
0.4167585,0.0000000,
0.4170342,0.0000000,
0.4173098,0.0000000,
0.4175855,0.0000000,
0.4178611,0.0000000,
0.4181367,0.0000000,
0.4184124,0.0000000,
0.4186880,0.0000000,
0.4189636,0.0000000,
0.4192393,0.0000000,
0.4195149,0.0000000,
0.4197905,0.0000000,
0.4200662,0.0000000,
0.4203418,0.0000000,
0.4206174,0.0000000,
0.4208931,0.0000000,
0.4211687,0.0000000,
0.4214443,0.0000000,
0.4217200,0.0000000,
0.4219956,0.0000000,
0.4222712,0.0000000,
0.4225469,0.0000000,
0.4228225,0.0000000,
0.4230981,0.0000000,
0.4233738,0.0000000,
0.4236494,0.0000000,
0.4239250,0.0000000,
0.4242007,0.0000000,
0.4244763,0.0000000,
0.4247519,0.0000000,
0.4250276,0.0000000,
0.4253032,0.0000000,
0.4255788,0.0000000,
0.4258545,0.0000000,
0.4261301,0.0000000,
0.4264057,0.0000000,
0.4266814,0.0000000,
0.4269570,0.0000000,
0.4272326,0.0000000,
0.4275083,0.0000000,
0.4277839,0.0000000,
0.4280595,0.0000000,
0.4283352,0.0000000,
0.4286108,0.0000000,
0.4288864,0.0000000,
0.4291621,0.0000000,
0.4294377,0.0000000,
0.4297133,0.0000000,
0.4299890,0.0000000,
0.4302646,0.0000000,
0.4305402,0.0000000,
0.4308159,0.0000000,
0.4310915,0.0000000,
0.4313671,0.0000000,
0.4316428,0.0000000,
0.4319184,0.0000000,
0.4321941,0.0000000,
0.4324697,0.0000000,
0.4327453,0.0000000,
0.4330210,0.0000000,
0.4332966,0.0000000,
0.4335722,0.0000000,
0.4338479,0.0000000,
0.4341235,0.0000000,
0.4343991,0.0000000,
0.4346748,0.0000000,
0.4349504,0.0000000,
0.4352260,0.0000000,
0.4355017,0.0000000,
0.4357773,0.0000000,
0.4360529,0.0000000,
0.4363286,0.0000000,
0.4366042,0.0000000,
0.4368798,0.0000000,
0.4371555,0.0000000,
0.4374311,0.0000000,
0.4377067,0.0000000,
0.4379824,0.0000000,
0.4382580,0.0000000,
0.4385336,0.0000000,
0.4388093,0.0000000,
0.4390849,0.0000000,
0.4393605,0.0000000,
0.4396362,0.0000000,
0.4399118,0.0000000,
0.4401874,0.0000000,
0.4404631,0.0000000,
0.4407387,0.0000000,
0.4410143,0.0000000,
0.4412900,0.0000000,
0.4415656,0.0000000,
0.4418412,0.0000000,
0.4421169,0.0000000,
0.4423925,0.0000000,
0.4426681,0.0000000,
0.4429438,0.0000000,
0.4432194,0.0000000,
0.4434950,0.0000000,
0.4437707,0.0000000,
0.4440463,0.0000000,
0.4443219,0.0000000,
0.4445976,0.0000000,
0.4448732,0.0000000,
0.4451488,0.0000000,
0.4454245,0.0000000,
0.4457001,0.0000000,
0.4459757,0.0000000,
0.4462514,0.0000000,
0.4465270,0.0000000,
0.4468027,0.0000000,
0.4470783,0.0000000,
0.4473539,0.0000000,
0.4476296,0.0000000,
0.4479052,0.0000000,
0.4481808,0.0000000,
0.4484565,0.0000000,
0.4487321,0.0000000,
0.4490077,0.0000000,
0.4492834,0.0000000,
0.4495590,0.0000000,
0.4498346,0.0000000,
0.4501103,0.0000000,
0.4503859,0.0000000,
0.4506615,0.0000000,
0.4509372,0.0000000,
0.4512128,0.0000000,
0.4514884,0.0000000,
0.4517641,0.0000000,
0.4520397,0.0000000,
0.4523153,0.0000000,
0.4525910,0.0000000,
0.4528666,0.0000000,
0.4531422,0.0000000,
0.4534179,0.0000000,
0.4536935,0.0000000,
0.4539691,0.0000000,
0.4542448,0.0000000,
0.4545204,0.0000000,
0.4547960,0.0000000,
0.4550717,0.0000000,
0.4553473,0.0000000,
0.4556229,0.0000000,
0.4558986,0.0000000,
0.4561742,0.0000000,
0.4564498,0.0000000,
0.4567255,0.0000000,
0.4570011,0.0000000,
0.4572767,0.0000000,
0.4575524,0.0000000,
0.4578280,0.0000000,
0.4581036,0.0000000,
0.4583793,0.0000000,
0.4586549,0.0000000,
0.4589305,0.0000000,
0.4592062,0.0000000,
0.4594818,0.0000000,
0.4597574,0.0000000,
0.4600331,0.0000000,
0.4603087,0.0000000,
0.4605843,0.0000000,
0.4608600,0.0000000,
0.4611356,0.0000000,
0.4614113,0.0000000,
0.4616869,0.0000000,
0.4619625,0.0000000,
0.4622382,0.0000000,
0.4625138,0.0000000,
0.4627894,0.0000000,
0.4630651,0.0000000,
0.4633407,0.0000000,
0.4636163,0.0000000,
0.4638920,0.0000000,
0.4641676,0.0000000,
0.4644432,0.0000000,
0.4647189,0.0000000,
0.4649945,0.0000000,
0.4652701,0.0000000,
0.4655458,0.0000000,
0.4658214,0.0000000,
0.4660970,0.0000000,
0.4663727,0.0000000,
0.4666483,0.0000000,
0.4669239,0.0000000,
0.4671996,0.0000000,
0.4674752,0.0000000,
0.4677508,0.0000000,
0.4680265,0.0000000,
0.4683021,0.0000000,
0.4685777,0.0000000,
0.4688534,0.0000000,
0.4691290,0.0000000,
0.4694046,0.0000000,
0.4696803,0.0000000,
0.4699559,0.0000000,
0.4702315,0.0000000,
0.4705072,0.0000000,
0.4707828,0.0000000,
0.4710584,0.0000000,
0.4713341,0.0000000,
0.4716097,0.0000000,
0.4718853,0.0000000,
0.4721610,0.0000000,
0.4724366,0.0000000,
0.4727122,0.0000000,
0.4729879,0.0000000,
0.4732635,0.0000000,
0.4735391,0.0000000,
0.4738148,0.0000000,
0.4740904,0.0000000,
0.4743660,0.0000000,
0.4746417,0.0000000,
0.4749173,0.0000000,
0.4751929,0.0000000,
0.4754686,0.0000000,
0.4757442,0.0000000,
0.4760199,0.0000000,
0.4762955,0.0000000,
0.4765711,0.0000000,
0.4768468,0.0000000,
0.4771224,0.0000000,
0.4773980,0.0000000,
0.4776737,0.0000000,
0.4779493,0.0000000,
0.4782249,0.0000000,
0.4785006,0.0000000,
0.4787762,0.0000000,
0.4790518,0.0000000,
0.4793275,0.0000000,
0.4796031,0.0000000,
0.4798787,0.0000000,
0.4801544,0.0000000,
0.4804300,0.0000000,
0.4807056,0.0000000,
0.4809813,0.0000000,
0.4812569,0.0000000,
0.4815325,0.0000000,
0.4818082,0.0000000,
0.4820838,0.0000000,
0.4823594,0.0000000,
0.4826351,0.0000000,
0.4829107,0.0000000,
0.4831863,0.0000000,
0.4834620,0.0000000,
0.4837376,0.0000000,
0.4840132,0.0000000,
0.4842889,0.0000000,
0.4845645,0.0000000,
0.4848401,0.0000000,
0.4851158,0.0000000,
0.4853914,0.0000000,
0.4856670,0.0000000,
0.4859427,0.0000000,
0.4862183,0.0000000,
0.4864939,0.0000000,
0.4867696,0.0000000,
0.4870452,0.0000000,
0.4873208,0.0000000,
0.4875965,0.0000000,
0.4878721,0.0000000,
0.4881477,0.0000000,
0.4884234,0.0000000,
0.4886990,0.0000000,
0.4889746,0.0000000,
0.4892503,0.0000000,
0.4895259,0.0000000,
0.4898015,0.0000000,
0.4900772,0.0000000,
0.4903528,0.0000000,
0.4906285,0.0000000,
0.4909041,0.0000000,
0.4911797,0.0000000,
0.4914554,0.0000000,
0.4917310,0.0000000,
0.4920066,0.0000000,
0.4922823,0.0000000,
0.4925579,0.0000000,
0.4928335,0.0000000,
0.4931092,0.0000000,
0.4933848,0.0000000,
0.4936604,0.0000000,
0.4939361,0.0000000,
0.4942117,0.0000000,
0.4944873,0.0000000,
0.4947630,0.0000000,
0.4950386,0.0000000,
0.4953142,0.0000000,
0.4955899,0.0000000,
0.4958655,0.0000000,
0.4961411,0.0000000,
0.4964168,0.0000000,
0.4966924,0.0000000,
0.4969680,0.0000000,
0.4972437,0.0000000,
0.4975193,0.0000000,
0.4977949,0.0000000,
0.4980706,0.0000000,
0.4983462,0.0000000,
0.4986218,0.0000000,
0.4988975,0.0000000,
0.4991731,0.0000000,
0.4994487,0.0000000,
0.4997244,0.0000000,
0.5000000,0.0000000,
0.5002756,0.0000000,
0.5005513,0.0000000,
0.5008269,0.0000000,
0.5011025,0.0000000,
0.5013782,0.0000000,
0.5016538,0.0000000,
0.5019294,0.0000000,
0.5022051,0.0000000,
0.5024807,0.0000000,
0.5027563,0.0000000,
0.5030320,0.0000000,
0.5033076,0.0000000,
0.5035832,0.0000000,
0.5038589,0.0000000,
0.5041345,0.0000000,
0.5044101,0.0000000,
0.5046858,0.0000000,
0.5049614,0.0000000,
0.5052371,0.0000000,
0.5055127,0.0000000,
0.5057883,0.0000000,
0.5060640,0.0000000,
0.5063396,0.0000000,
0.5066152,0.0000000,
0.5068909,0.0000000,
0.5071665,0.0000000,
0.5074421,0.0000000,
0.5077178,0.0000000,
0.5079934,0.0000000,
0.5082690,0.0000000,
0.5085447,0.0000000,
0.5088203,0.0000000,
0.5090959,0.0000000,
0.5093716,0.0000000,
0.5096472,0.0000000,
0.5099228,0.0000000,
0.5101985,0.0000000,
0.5104741,0.0000000,
0.5107497,0.0000000,
0.5110254,0.0000000,
0.5113010,0.0000000,
0.5115766,0.0000000,
0.5118523,0.0000000,
0.5121279,0.0000000,
0.5124035,0.0000000,
0.5126792,0.0000000,
0.5129548,0.0000000,
0.5132304,0.0000000,
0.5135061,0.0000000,
0.5137817,0.0000000,
0.5140573,0.0000000,
0.5143330,0.0000000,
0.5146086,0.0000000,
0.5148842,0.0000000,
0.5151599,0.0000000,
0.5154355,0.0000000,
0.5157111,0.0000000,
0.5159868,0.0000000,
0.5162624,0.0000000,
0.5165380,0.0000000,
0.5168137,0.0000000,
0.5170893,0.0000000,
0.5173649,0.0000000,
0.5176406,0.0000000,
0.5179162,0.0000000,
0.5181918,0.0000000,
0.5184675,0.0000000,
0.5187431,0.0000000,
0.5190187,0.0000000,
0.5192944,0.0000000,
0.5195700,0.0000000,
0.5198457,0.0000000,
0.5201213,0.0000000,
0.5203969,0.0000000,
0.5206726,0.0000000,
0.5209482,0.0000000,
0.5212238,0.0000000,
0.5214995,0.0000000,
0.5217751,0.0000000,
0.5220507,0.0000000,
0.5223264,0.0000000,
0.5226020,0.0000000,
0.5228776,0.0000000,
0.5231533,0.0000000,
0.5234289,0.0000000,
0.5237045,0.0000000,
0.5239802,0.0000000,
0.5242558,0.0000000,
0.5245314,0.0000000,
0.5248071,0.0000000,
0.5250827,0.0000000,
0.5253583,0.0000000,
0.5256340,0.0000000,
0.5259096,0.0000000,
0.5261852,0.0000000,
0.5264609,0.0000000,
0.5267365,0.0000000,
0.5270121,0.0000000,
0.5272878,0.0000000,
0.5275634,0.0000000,
0.5278390,0.0000000,
0.5281147,0.0000000,
0.5283903,0.0000000,
0.5286659,0.0000000,
0.5289416,0.0000000,
0.5292172,0.0000000,
0.5294928,0.0000000,
0.5297685,0.0000000,
0.5300441,0.0000000,
0.5303197,0.0000000,
0.5305954,0.0000000,
0.5308710,0.0000000,
0.5311466,0.0000000,
0.5314223,0.0000000,
0.5316979,0.0000000,
0.5319735,0.0000000,
0.5322492,0.0000000,
0.5325248,0.0000000,
0.5328004,0.0000000,
0.5330761,0.0000000,
0.5333517,0.0000000,
0.5336273,0.0000000,
0.5339030,0.0000000,
0.5341786,0.0000000,
0.5344542,0.0000000,
0.5347299,0.0000000,
0.5350055,0.0000000,
0.5352812,0.0000000,
0.5355568,0.0000000,
0.5358324,0.0000000,
0.5361081,0.0000000,
0.5363837,0.0000000,
0.5366593,0.0000000,
0.5369350,0.0000000,
0.5372106,0.0000000,
0.5374862,0.0000000,
0.5377619,0.0000000,
0.5380375,0.0000000,
0.5383131,0.0000000,
0.5385888,0.0000000,
0.5388644,0.0000000,
0.5391400,0.0000000,
0.5394157,0.0000000,
0.5396913,0.0000000,
0.5399669,0.0000000,
0.5402426,0.0000000,
0.5405182,0.0000000,
0.5407938,0.0000000,
0.5410695,0.0000000,
0.5413451,0.0000000,
0.5416207,0.0000000,
0.5418964,0.0000000,
0.5421720,0.0000000,
0.5424476,0.0000000,
0.5427233,0.0000000,
0.5429989,0.0000000,
0.5432745,0.0000000,
0.5435502,0.0000000,
0.5438258,0.0000000,
0.5441014,0.0000000,
0.5443771,0.0000000,
0.5446527,0.0000000,
0.5449283,0.0000000,
0.5452040,0.0000000,
0.5454796,0.0000000,
0.5457552,0.0000000,
0.5460309,0.0000000,
0.5463065,0.0000000,
0.5465821,0.0000000,
0.5468578,0.0000000,
0.5471334,0.0000000,
0.5474090,0.0000000,
0.5476847,0.0000000,
0.5479603,0.0000000,
0.5482359,0.0000000,
0.5485116,0.0000000,
0.5487872,0.0000000,
0.5490628,0.0000000,
0.5493385,0.0000000,
0.5496141,0.0000000,
0.5498898,0.0000000,
0.5501654,0.0000000,
0.5504410,0.0000000,
0.5507167,0.0000000,
0.5509923,0.0000000,
0.5512679,0.0000000,
0.5515436,0.0000000,
0.5518192,0.0000000,
0.5520948,0.0000000,
0.5523705,0.0000000,
0.5526461,0.0000000,
0.5529217,0.0000000,
0.5531974,0.0000000,
0.5534730,0.0000000,
0.5537486,0.0000000,
0.5540243,0.0000000,
0.5542999,0.0000000,
0.5545755,0.0000000,
0.5548512,0.0000000,
0.5551268,0.0000000,
0.5554024,0.0000000,
0.5556781,0.0000000,
0.5559537,0.0000000,
0.5562293,0.0000000,
0.5565050,0.0000000,
0.5567806,0.0000000,
0.5570562,0.0000000,
0.5573319,0.0000000,
0.5576075,0.0000000,
0.5578831,0.0000000,
0.5581588,0.0000000,
0.5584344,0.0000000,
0.5587100,0.0000000,
0.5589857,0.0000000,
0.5592613,0.0000000,
0.5595369,0.0000000,
0.5598126,0.0000000,
0.5600882,0.0000000,
0.5603638,0.0000000,
0.5606395,0.0000000,
0.5609151,0.0000000,
0.5611907,0.0000000,
0.5614664,0.0000000,
0.5617420,0.0000000,
0.5620176,0.0000000,
0.5622933,0.0000000,
0.5625689,0.0000000,
0.5628445,0.0000000,
0.5631202,0.0000000,
0.5633958,0.0000000,
0.5636714,0.0000000,
0.5639471,0.0000000,
0.5642227,0.0000000,
0.5644984,0.0000000,
0.5647740,0.0000000,
0.5650496,0.0000000,
0.5653253,0.0000000,
0.5656009,0.0000000,
0.5658765,0.0000000,
0.5661522,0.0000000,
0.5664278,0.0000000,
0.5667034,0.0000000,
0.5669791,0.0000000,
0.5672547,0.0000000,
0.5675303,0.0000000,
0.5678060,0.0000000,
0.5680816,0.0000000,
0.5683572,0.0000000,
0.5686329,0.0000000,
0.5689085,0.0000000,
0.5691841,0.0000000,
0.5694598,0.0000000,
0.5697354,0.0000000,
0.5700110,0.0000000,
0.5702867,0.0000000,
0.5705623,0.0000000,
0.5708379,0.0000000,
0.5711136,0.0000000,
0.5713892,0.0000000,
0.5716648,0.0000000,
0.5719405,0.0000000,
0.5722161,0.0000000,
0.5724917,0.0000000,
0.5727674,0.0000000,
0.5730430,0.0000000,
0.5733186,0.0000000,
0.5735943,0.0000000,
0.5738699,0.0000000,
0.5741455,0.0000000,
0.5744212,0.0000000,
0.5746968,0.0000000,
0.5749724,0.0000000,
0.5752481,0.0000000,
0.5755237,0.0000000,
0.5757993,0.0000000,
0.5760750,0.0000000,
0.5763506,0.0000000,
0.5766262,0.0000000,
0.5769019,0.0000000,
0.5771775,0.0000000,
0.5774531,0.0000000,
0.5777288,0.0000000,
0.5780044,0.0000000,
0.5782800,0.0000000,
0.5785557,0.0000000,
0.5788313,0.0000000,
0.5791070,0.0000000,
0.5793826,0.0000000,
0.5796582,0.0000000,
0.5799339,0.0000000,
0.5802095,0.0000000,
0.5804851,0.0000000,
0.5807608,0.0000000,
0.5810364,0.0000000,
0.5813120,0.0000000,
0.5815877,0.0000000,
0.5818633,0.0000000,
0.5821389,0.0000000,
0.5824146,0.0000000,
0.5826902,0.0000000,
0.5829658,0.0000000,
0.5832415,0.0000000,
0.5835171,0.0000000,
0.5837927,0.0000000,
0.5840684,0.0000000,
0.5843440,0.0000000,
0.5846196,0.0000000,
0.5848953,0.0000000,
0.5851709,0.0000000,
0.5854465,0.0000000,
0.5857222,0.0000000,
0.5859978,0.0000000,
0.5862734,0.0000000,
0.5865491,0.0000000,
0.5868247,0.0000000,
0.5871003,0.0000000,
0.5873760,0.0000000,
0.5876516,0.0000000,
0.5879272,0.0000000,
0.5882029,0.0000000,
0.5884785,0.0000000,
0.5887541,0.0000000,
0.5890298,0.0000000,
0.5893054,0.0000000,
0.5895810,0.0000000,
0.5898567,0.0000000,
0.5901323,0.0000000,
0.5904079,0.0000000,
0.5906836,0.0000000,
0.5909592,0.0000000,
0.5912348,0.0000000,
0.5915105,0.0000000,
0.5917861,0.0000000,
0.5920617,0.0000000,
0.5923374,0.0000000,
0.5926130,0.0000000,
0.5928886,0.0000000,
0.5931643,0.0000000,
0.5934399,0.0000000,
0.5937156,0.0000000,
0.5939912,0.0000000,
0.5942668,0.0000000,
0.5945425,0.0000000,
0.5948181,0.0000000,
0.5950937,0.0000000,
0.5953694,0.0000000,
0.5956450,0.0000000,
0.5959206,0.0000000,
0.5961963,0.0000000,
0.5964719,0.0000000,
0.5967475,0.0000000,
0.5970232,0.0000000,
0.5972988,0.0000000,
0.5975744,0.0000000,
0.5978501,0.0000000,
0.5981257,0.0000000,
0.5984013,0.0000000,
0.5986770,0.0000000,
0.5989526,0.0000000,
0.5992282,0.0000000,
0.5995039,0.0000000,
0.5997795,0.0000000,
0.6000551,0.0000000,
0.6003308,0.0000000,
0.6006064,0.0000000,
0.6008820,0.0000000,
0.6011577,0.0000000,
0.6014333,0.0000000,
0.6017089,0.0000000,
0.6019846,0.0000000,
0.6022602,0.0000000,
0.6025358,0.0000000,
0.6028115,0.0000000,
0.6030871,0.0000000,
0.6033627,0.0000000,
0.6036384,0.0000000,
0.6039140,0.0000000,
0.6041896,0.0000000,
0.6044653,0.0000000,
0.6047409,0.0000000,
0.6050165,0.0000000,
0.6052922,0.0000000,
0.6055678,0.0000000,
0.6058434,0.0000000,
0.6061191,0.0000000,
0.6063947,0.0000000,
0.6066703,0.0000000,
0.6069460,0.0000000,
0.6072216,0.0000000,
0.6074972,0.0000000,
0.6077729,0.0000000,
0.6080485,0.0000000,
0.6083242,0.0000000,
0.6085998,0.0000000,
0.6088754,0.0000000,
0.6091511,0.0000000,
0.6094267,0.0000000,
0.6097023,0.0000000,
0.6099780,0.0000000,
0.6102536,0.0000000,
0.6105292,0.0000000,
0.6108049,0.0000000,
0.6110805,0.0000000,
0.6113561,0.0000000,
0.6116318,0.0000000,
0.6119074,0.0000000,
0.6121830,0.0000000,
0.6124587,0.0000000,
0.6127343,0.0000000,
0.6130099,0.0000000,
0.6132856,0.0000000,
0.6135612,0.0000000,
0.6138368,0.0000000,
0.6141125,0.0000000,
0.6143881,0.0000000,
0.6146637,0.0000000,
0.6149394,0.0000000,
0.6152150,0.0000000,
0.6154906,0.0000000,
0.6157663,0.0000000,
0.6160419,0.0000000,
0.6163175,0.0000000,
0.6165932,0.0000000,
0.6168688,0.0000000,
0.6171444,0.0000000,
0.6174201,0.0000000,
0.6176957,0.0000000,
0.6179713,0.0000000,
0.6182470,0.0000000,
0.6185226,0.0000000,
0.6187982,0.0000000,
0.6190739,0.0000000,
0.6193495,0.0000000,
0.6196251,0.0000000,
0.6199008,0.0000000,
0.6201764,0.0000000,
0.6204520,0.0000000,
0.6207277,0.0000000,
0.6210033,0.0000000,
0.6212789,0.0000000,
0.6215546,0.0000000,
0.6218302,0.0000000,
0.6221058,0.0000000,
0.6223815,0.0000000,
0.6226571,0.0000000,
0.6229328,0.0000000,
0.6232084,0.0000000,
0.6234840,0.0000000,
0.6237597,0.0000000,
0.6240353,0.0000000,
0.6243109,0.0000000,
0.6245866,0.0000000,
0.6248622,0.0000000,
0.6251378,0.0000000,
0.6254135,0.0000000,
0.6256891,0.0000000,
0.6259647,0.0000000,
0.6262404,0.0000000,
0.6265160,0.0000000,
0.6267916,0.0000000,
0.6270673,0.0000000,
0.6273429,0.0000000,
0.6276185,0.0000000,
0.6278942,0.0000000,
0.6281698,0.0000000,
0.6284454,0.0000000,
0.6287211,0.0000000,
0.6289967,0.0000000,
0.6292723,0.0000000,
0.6295480,0.0000000,
0.6298236,0.0000000,
0.6300992,0.0000000,
0.6303749,0.0000000,
0.6306505,0.0000000,
0.6309261,0.0000000,
0.6312018,0.0000000,
0.6314774,0.0000000,
0.6317530,0.0000000,
0.6320287,0.0000000,
0.6323043,0.0000000,
0.6325799,0.0000000,
0.6328556,0.0000000,
0.6331312,0.0000000,
0.6334068,0.0000000,
0.6336825,0.0000000,
0.6339581,0.0000000,
0.6342337,0.0000000,
0.6345094,0.0000000,
0.6347850,0.0000000,
0.6350606,0.0000000,
0.6353363,0.0000000,
0.6356119,0.0000000,
0.6358875,0.0000000,
0.6361632,0.0000000,
0.6364388,0.0000000,
0.6367144,0.0000000,
0.6369901,0.0000000,
0.6372657,0.0000000,
0.6375414,0.0000000,
0.6378170,0.0000000,
0.6380926,0.0000000,
0.6383683,0.0000000,
0.6386439,0.0000000,
0.6389195,0.0000000,
0.6391952,0.0000000,
0.6394708,0.0000000,
0.6397464,0.0000000,
0.6400221,0.0000000,
0.6402977,0.0000000,
0.6405733,0.0000000,
0.6408490,0.0000000,
0.6411246,0.0000000,
0.6414002,0.0000000,
0.6416759,0.0000000,
0.6419515,0.0000000,
0.6422271,0.0000000,
0.6425028,0.0000000,
0.6427784,0.0000000,
0.6430540,0.0000000,
0.6433297,0.0000000,
0.6436053,0.0000000,
0.6438809,0.0000000,
0.6441566,0.0000000,
0.6444322,0.0000000,
0.6447078,0.0000000,
0.6449835,0.0000000,
0.6452591,0.0000000,
0.6455347,0.0000000,
0.6458104,0.0000000,
0.6460860,0.0000000,
0.6463616,0.0000000,
0.6466373,0.0000000,
0.6469129,0.0000000,
0.6471885,0.0000000,
0.6474642,0.0000000,
0.6477398,0.0000000,
0.6480154,0.0000000,
0.6482911,0.0000000,
0.6485667,0.0000000,
0.6488423,0.0000000,
0.6491180,0.0000000,
0.6493936,0.0000000,
0.6496692,0.0000000,
0.6499449,0.0000000,
0.6502205,0.0000000,
0.6504961,0.0000000,
0.6507718,0.0000000,
0.6510474,0.0000000,
0.6513230,0.0000000,
0.6515987,0.0000000,
0.6518743,0.0000000,
0.6521499,0.0000000,
0.6524256,0.0000000,
0.6527012,0.0000000,
0.6529769,0.0000000,
0.6532525,0.0000000,
0.6535281,0.0000000,
0.6538038,0.0000000,
0.6540794,0.0000000,
0.6543550,0.0000000,
0.6546307,0.0000000,
0.6549063,0.0000000,
0.6551819,0.0000000,
0.6554576,0.0000000,
0.6557332,0.0000000,
0.6560088,0.0000000,
0.6562845,0.0000000,
0.6565601,0.0000000,
0.6568357,0.0000000,
0.6571114,0.0000000,
0.6573870,0.0000000,
0.6576626,0.0000000,
0.6579383,0.0000000,
0.6582139,0.0000000,
0.6584895,0.0000000,
0.6587652,0.0000000,
0.6590408,0.0000000,
0.6593164,0.0000000,
0.6595921,0.0000000,
0.6598677,0.0000000,
0.6601433,0.0000000,
0.6604190,0.0000000,
0.6606946,0.0000000,
0.6609702,0.0000000,
0.6612459,0.0000000,
0.6615215,0.0000000,
0.6617971,0.0000000,
0.6620728,0.0000000,
0.6623484,0.0000000,
0.6626240,0.0000000,
0.6628997,0.0000000,
0.6631753,0.0000000,
0.6634509,0.0000000,
0.6637266,0.0000000,
0.6640022,0.0000000,
0.6642778,0.0000000,
0.6645535,0.0000000,
0.6648291,0.0000000,
0.6651047,0.0000000,
0.6653804,0.0000000,
0.6656560,0.0000000,
0.6659316,0.0000000,
0.6662073,0.0000000,
0.6664829,0.0000000,
0.6667585,0.0000000,
0.6670342,0.0000000,
0.6673098,0.0000000,
0.6675855,0.0000000,
0.6678611,0.0000000,
0.6681367,0.0000000,
0.6684124,0.0000000,
0.6686880,0.0000000,
0.6689636,0.0000000,
0.6692393,0.0000000,
0.6695149,0.0000000,
0.6697905,0.0000000,
0.6700662,0.0000000,
0.6703418,0.0000000,
0.6706174,0.0000000,
0.6708931,0.0000000,
0.6711687,0.0000000,
0.6714443,0.0000000,
0.6717200,0.0000000,
0.6719956,0.0000000,
0.6722712,0.0000000,
0.6725469,0.0000000,
0.6728225,0.0000000,
0.6730981,0.0000000,
0.6733738,0.0000000,
0.6736494,0.0000000,
0.6739250,0.0000000,
0.6742007,0.0000000,
0.6744763,0.0000000,
0.6747519,0.0000000,
0.6750276,0.0000000,
0.6753032,0.0000000,
0.6755788,0.0000000,
0.6758545,0.0000000,
0.6761301,0.0000000,
0.6764057,0.0000000,
0.6766814,0.0000000,
0.6769570,0.0000000,
0.6772326,0.0000000,
0.6775083,0.0000000,
0.6777839,0.0000000,
0.6780595,0.0000000,
0.6783352,0.0000000,
0.6786108,0.0000000,
0.6788864,0.0000000,
0.6791621,0.0000000,
0.6794377,0.0000000,
0.6797133,0.0000000,
0.6799890,0.0000000,
0.6802646,0.0000000,
0.6805402,0.0000000,
0.6808159,0.0000000,
0.6810915,0.0000000,
0.6813671,0.0000000,
0.6816428,0.0000000,
0.6819184,0.0000000,
0.6821941,0.0000000,
0.6824697,0.0000000,
0.6827453,0.0000000,
0.6830210,0.0000000,
0.6832966,0.0000000,
0.6835722,0.0000000,
0.6838479,0.0000000,
0.6841235,0.0000000,
0.6843991,0.0000000,
0.6846748,0.0000000,
0.6849504,0.0000000,
0.6852260,0.0000000,
0.6855017,0.0000000,
0.6857773,0.0000000,
0.6860529,0.0000000,
0.6863286,0.0000000,
0.6866042,0.0000000,
0.6868798,0.0000000,
0.6871555,0.0000000,
0.6874311,0.0000000,
0.6877067,0.0000000,
0.6879824,0.0000000,
0.6882580,0.0000000,
0.6885336,0.0000000,
0.6888093,0.0000000,
0.6890849,0.0000000,
0.6893605,0.0000000,
0.6896362,0.0000000,
0.6899118,0.0000000,
0.6901874,0.0000000,
0.6904631,0.0000000,
0.6907387,0.0000000,
0.6910143,0.0000000,
0.6912900,0.0000000,
0.6915656,0.0000000,
0.6918412,0.0000000,
0.6921169,0.0000000,
0.6923925,0.0000000,
0.6926681,0.0000000,
0.6929438,0.0000000,
0.6932194,0.0000000,
0.6934950,0.0000000,
0.6937707,0.0000000,
0.6940463,0.0000000,
0.6943219,0.0000000,
0.6945976,0.0000000,
0.6948732,0.0000000,
0.6951488,0.0000000,
0.6954245,0.0000000,
0.6957001,0.0000000,
0.6959757,0.0000000,
0.6962514,0.0000000,
0.6965270,0.0000000,
0.6968027,0.0000000,
0.6970783,0.0000000,
0.6973539,0.0000000,
0.6976296,0.0000000,
0.6979052,0.0000000,
0.6981808,0.0000000,
0.6984565,0.0000000,
0.6987321,0.0000000,
0.6990077,0.0000000,
0.6992834,0.0000000,
0.6995590,0.0000000,
0.6998346,0.0000000,
0.7001103,0.0000000,
0.7003859,0.0000000,
0.7006615,0.0000000,
0.7009372,0.0000000,
0.7012128,0.0000000,
0.7014884,0.0000000,
0.7017641,0.0000000,
0.7020397,0.0000000,
0.7023153,0.0000000,
0.7025910,0.0000000,
0.7028666,0.0000000,
0.7031422,0.0000000,
0.7034179,0.0000000,
0.7036935,0.0000000,
0.7039691,0.0000000,
0.7042448,0.0000000,
0.7045204,0.0000000,
0.7047960,0.0000000,
0.7050717,0.0000000,
0.7053473,0.0000000,
0.7056229,0.0000000,
0.7058986,0.0000000,
0.7061742,0.0000000,
0.7064498,0.0000000,
0.7067255,0.0000000,
0.7070011,0.0000000,
0.7072767,0.0000000,
0.7075524,0.0000000,
0.7078280,0.0000000,
0.7081036,0.0000000,
0.7083793,0.0000000,
0.7086549,0.0000000,
0.7089305,0.0000000,
0.7092062,0.0000000,
0.7094818,0.0000000,
0.7097574,0.0000000,
0.7100331,0.0000000,
0.7103087,0.0000000,
0.7105843,0.0000000,
0.7108600,0.0000000,
0.7111356,0.0000000,
0.7114113,0.0000000,
0.7116869,0.0000000,
0.7119625,0.0000000,
0.7122382,0.0000000,
0.7125138,0.0000000,
0.7127894,0.0000000,
0.7130651,0.0000000,
0.7133407,0.0000000,
0.7136163,0.0000000,
0.7138920,0.0000000,
0.7141676,0.0000000,
0.7144432,0.0000000,
0.7147189,0.0000000,
0.7149945,0.0000000,
0.7152701,0.0000000,
0.7155458,0.0000000,
0.7158214,0.0000000,
0.7160970,0.0000000,
0.7163727,0.0000000,
0.7166483,0.0000000,
0.7169239,0.0000000,
0.7171996,0.0000000,
0.7174752,0.0000000,
0.7177508,0.0000000,
0.7180265,0.0000000,
0.7183021,0.0000000,
0.7185777,0.0000000,
0.7188534,0.0000000,
0.7191290,0.0000000,
0.7194046,0.0000000,
0.7196803,0.0000000,
0.7199559,0.0000000,
0.7202315,0.0000000,
0.7205072,0.0000000,
0.7207828,0.0000000,
0.7210584,0.0000000,
0.7213341,0.0000000,
0.7216097,0.0000000,
0.7218853,0.0000000,
0.7221610,0.0000000,
0.7224366,0.0000000,
0.7227122,0.0000000,
0.7229879,0.0000000,
0.7232635,0.0000000,
0.7235391,0.0000000,
0.7238148,0.0000000,
0.7240904,0.0000000,
0.7243660,0.0000000,
0.7246417,0.0000000,
0.7249173,0.0000000,
0.7251929,0.0000000,
0.7254686,0.0000000,
0.7257442,0.0000000,
0.7260199,0.0000000,
0.7262955,0.0000000,
0.7265711,0.0000000,
0.7268468,0.0000000,
0.7271224,0.0000000,
0.7273980,0.0000000,
0.7276737,0.0000000,
0.7279493,0.0000000,
0.7282249,0.0000000,
0.7285006,0.0000000,
0.7287762,0.0000000,
0.7290518,0.0000000,
0.7293275,0.0000000,
0.7296031,0.0000000,
0.7298787,0.0000000,
0.7301544,0.0000000,
0.7304300,0.0000000,
0.7307056,0.0000000,
0.7309813,0.0000000,
0.7312569,0.0000000,
0.7315325,0.0000000,
0.7318082,0.0000000,
0.7320838,0.0000000,
0.7323594,0.0000000,
0.7326351,0.0000000,
0.7329107,0.0000000,
0.7331863,0.0000000,
0.7334620,0.0000000,
0.7337376,0.0000000,
0.7340132,0.0000000,
0.7342889,0.0000000,
0.7345645,0.0000000,
0.7348401,0.0000000,
0.7351158,0.0000000,
0.7353914,0.0000000,
0.7356670,0.0000000,
0.7359427,0.0000000,
0.7362183,0.0000000,
0.7364939,0.0000000,
0.7367696,0.0000000,
0.7370452,0.0000000,
0.7373208,0.0000000,
0.7375965,0.0000000,
0.7378721,0.0000000,
0.7381477,0.0000000,
0.7384234,0.0000000,
0.7386990,0.0000000,
0.7389746,0.0000000,
0.7392503,0.0000000,
0.7395259,0.0000000,
0.7398015,0.0000000,
0.7400772,0.0000000,
0.7403528,0.0000000,
0.7406285,0.0000000,
0.7409041,0.0000000,
0.7411797,0.0000000,
0.7414554,0.0000000,
0.7417310,0.0000000,
0.7420066,0.0000000,
0.7422823,0.0000000,
0.7425579,0.0000000,
0.7428335,0.0000000,
0.7431092,0.0000000,
0.7433848,0.0000000,
0.7436604,0.0000000,
0.7439361,0.0000000,
0.7442117,0.0000000,
0.7444873,0.0000000,
0.7447630,0.0000000,
0.7450386,0.0000000,
0.7453142,0.0000000,
0.7455899,0.0000000,
0.7458655,0.0000000,
0.7461411,0.0000000,
0.7464168,0.0000000,
0.7466924,0.0000000,
0.7469680,0.0000000,
0.7472437,0.0000000,
0.7475193,0.0000000,
0.7477949,0.0000000,
0.7480706,0.0000000,
0.7483462,0.0000000,
0.7486218,0.0000000,
0.7488975,0.0000000,
0.7491731,0.0000000,
0.7494487,0.0000000,
0.7497244,0.0000000,
0.7500000,0.0000000,
0.7502756,0.0000000,
0.7505513,0.0000000,
0.7508269,0.0000000,
0.7511025,0.0000000,
0.7513782,0.0000000,
0.7516538,0.0000000,
0.7519294,0.0000000,
0.7522051,0.0000000,
0.7524807,0.0000000,
0.7527563,0.0000000,
0.7530320,0.0000000,
0.7533076,0.0000000,
0.7535832,0.0000000,
0.7538589,0.0000000,
0.7541345,0.0000000,
0.7544101,0.0000000,
0.7546858,0.0000000,
0.7549614,0.0000000,
0.7552371,0.0000000,
0.7555127,0.0000000,
0.7557883,0.0000000,
0.7560640,0.0000000,
0.7563396,0.0000000,
0.7566152,0.0000000,
0.7568909,0.0000000,
0.7571665,0.0000000,
0.7574421,0.0000000,
0.7577178,0.0000000,
0.7579934,0.0000000,
0.7582690,0.0000000,
0.7585447,0.0000000,
0.7588203,0.0000000,
0.7590959,0.0000000,
0.7593716,0.0000000,
0.7596472,0.0000000,
0.7599228,0.0000000,
0.7601985,0.0000000,
0.7604741,0.0000000,
0.7607497,0.0000000,
0.7610254,0.0000000,
0.7613010,0.0000000,
0.7615766,0.0000000,
0.7618523,0.0000000,
0.7621279,0.0000000,
0.7624035,0.0000000,
0.7626792,0.0000000,
0.7629548,0.0000000,
0.7632304,0.0000000,
0.7635061,0.0000000,
0.7637817,0.0000000,
0.7640573,0.0000000,
0.7643330,0.0000000,
0.7646086,0.0000000,
0.7648842,0.0000000,
0.7651599,0.0000000,
0.7654355,0.0000000,
0.7657111,0.0000000,
0.7659868,0.0000000,
0.7662624,0.0000000,
0.7665380,0.0000000,
0.7668137,0.0000000,
0.7670893,0.0000000,
0.7673649,0.0000000,
0.7676406,0.0000000,
0.7679162,0.0000000,
0.7681918,0.0000000,
0.7684675,0.0000000,
0.7687431,0.0000000,
0.7690187,0.0000000,
0.7692944,0.0000000,
0.7695700,0.0000000,
0.7698457,0.0000000,
0.7701213,0.0000000,
0.7703969,0.0000000,
0.7706726,0.0000000,
0.7709482,0.0000000,
0.7712238,0.0000000,
0.7714995,0.0000000,
0.7717751,0.0000000,
0.7720507,0.0000000,
0.7723264,0.0000000,
0.7726020,0.0000000,
0.7728776,0.0000000,
0.7731533,0.0000000,
0.7734289,0.0000000,
0.7737045,0.0000000,
0.7739802,0.0000000,
0.7742558,0.0000000,
0.7745314,0.0000000,
0.7748071,0.0000000,
0.7750827,0.0000000,
0.7753583,0.0000000,
0.7756340,0.0000000,
0.7759096,0.0000000,
0.7761852,0.0000000,
0.7764609,0.0000000,
0.7767365,0.0000000,
0.7770121,0.0000000,
0.7772878,0.0000000,
0.7775634,0.0000000,
0.7778390,0.0000000,
0.7781147,0.0000000,
0.7783903,0.0000000,
0.7786659,0.0000000,
0.7789416,0.0000000,
0.7792172,0.0000000,
0.7794928,0.0000000,
0.7797685,0.0000000,
0.7800441,0.0000000,
0.7803197,0.0000000,
0.7805954,0.0000000,
0.7808710,0.0000000,
0.7811466,0.0000000,
0.7814223,0.0000000,
0.7816979,0.0000000,
0.7819735,0.0000000,
0.7822492,0.0000000,
0.7825248,0.0000000,
0.7828004,0.0000000,
0.7830761,0.0000000,
0.7833517,0.0000000,
0.7836273,0.0000000,
0.7839030,0.0000000,
0.7841786,0.0000000,
0.7844542,0.0000000,
0.7847299,0.0000000,
0.7850055,0.0000000,
0.7852812,0.0000000,
0.7855568,0.0000000,
0.7858324,0.0000000,
0.7861081,0.0000000,
0.7863837,0.0000000,
0.7866593,0.0000000,
0.7869350,0.0000000,
0.7872106,0.0000000,
0.7874862,0.0000000,
0.7877619,0.0000000,
0.7880375,0.0000000,
0.7883131,0.0000000,
0.7885888,0.0000000,
0.7888644,0.0000000,
0.7891400,0.0000000,
0.7894157,0.0000000,
0.7896913,0.0000000,
0.7899669,0.0000000,
0.7902426,0.0000000,
0.7905182,0.0000000,
0.7907938,0.0000000,
0.7910695,0.0000000,
0.7913451,0.0000000,
0.7916207,0.0000000,
0.7918964,0.0000000,
0.7921720,0.0000000,
0.7924476,0.0000000,
0.7927233,0.0000000,
0.7929989,0.0000000,
0.7932745,0.0000000,
0.7935502,0.0000000,
0.7938258,0.0000000,
0.7941014,0.0000000,
0.7943771,0.0000000,
0.7946527,0.0000000,
0.7949283,0.0000000,
0.7952040,0.0000000,
0.7954796,0.0000000,
0.7957552,0.0000000,
0.7960309,0.0000000,
0.7963065,0.0000000,
0.7965821,0.0000000,
0.7968578,0.0000000,
0.7971334,0.0000000,
0.7974090,0.0000000,
0.7976847,0.0000000,
0.7979603,0.0000000,
0.7982359,0.0000000,
0.7985116,0.0000000,
0.7987872,0.0000000,
0.7990628,0.0000000,
0.7993385,0.0000000,
0.7996141,0.0000000,
0.7998898,0.0000000,
0.8001654,0.0000000,
0.8004410,0.0000000,
0.8007167,0.0000000,
0.8009923,0.0000000,
0.8012679,0.0000000,
0.8015436,0.0000000,
0.8018192,0.0000000,
0.8020948,0.0000000,
0.8023705,0.0000000,
0.8026461,0.0000000,
0.8029217,0.0000000,
0.8031974,0.0000000,
0.8034730,0.0000000,
0.8037486,0.0000000,
0.8040243,0.0000000,
0.8042999,0.0000000,
0.8045755,0.0000000,
0.8048512,0.0000000,
0.8051268,0.0000000,
0.8054024,0.0000000,
0.8056781,0.0000000,
0.8059537,0.0000000,
0.8062293,0.0000000,
0.8065050,0.0000000,
0.8067806,0.0000000,
0.8070562,0.0000000,
0.8073319,0.0000000,
0.8076075,0.0000000,
0.8078831,0.0000000,
0.8081588,0.0000000,
0.8084344,0.0000000,
0.8087100,0.0000000,
0.8089857,0.0000000,
0.8092613,0.0000000,
0.8095369,0.0000000,
0.8098126,0.0000000,
0.8100882,0.0000000,
0.8103638,0.0000000,
0.8106395,0.0000000,
0.8109151,0.0000000,
0.8111907,0.0000000,
0.8114664,0.0000000,
0.8117420,0.0000000,
0.8120176,0.0000000,
0.8122933,0.0000000,
0.8125689,0.0000000,
0.8128445,0.0000000,
0.8131202,0.0000000,
0.8133958,0.0000000,
0.8136714,0.0000000,
0.8139471,0.0000000,
0.8142227,0.0000000,
0.8144984,0.0000000,
0.8147740,0.0000000,
0.8150496,0.0000000,
0.8153253,0.0000000,
0.8156009,0.0000000,
0.8158765,0.0000000,
0.8161522,0.0000000,
0.8164278,0.0000000,
0.8167034,0.0000000,
0.8169791,0.0000000,
0.8172547,0.0000000,
0.8175303,0.0000000,
0.8178060,0.0000000,
0.8180816,0.0000000,
0.8183572,0.0000000,
0.8186329,0.0000000,
0.8189085,0.0000000,
0.8191841,0.0000000,
0.8194598,0.0000000,
0.8197354,0.0000000,
0.8200110,0.0000000,
0.8202867,0.0000000,
0.8205623,0.0000000,
0.8208379,0.0000000,
0.8211136,0.0000000,
0.8213892,0.0000000,
0.8216648,0.0000000,
0.8219405,0.0000000,
0.8222161,0.0000000,
0.8224917,0.0000000,
0.8227674,0.0000000,
0.8230430,0.0000000,
0.8233186,0.0000000,
0.8235943,0.0000000,
0.8238699,0.0000000,
0.8241455,0.0000000,
0.8244212,0.0000000,
0.8246968,0.0000000,
0.8249724,0.0000000,
0.8252481,0.0000000,
0.8255237,0.0000000,
0.8257993,0.0000000,
0.8260750,0.0000000,
0.8263506,0.0000000,
0.8266262,0.0000000,
0.8269019,0.0000000,
0.8271775,0.0000000,
0.8274531,0.0000000,
0.8277288,0.0000000,
0.8280044,0.0000000,
0.8282800,0.0000000,
0.8285557,0.0000000,
0.8288313,0.0000000,
0.8291070,0.0000000,
0.8293826,0.0000000,
0.8296582,0.0000000,
0.8299339,0.0000000,
0.8302095,0.0000000,
0.8304851,0.0000000,
0.8307608,0.0000000,
0.8310364,0.0000000,
0.8313120,0.0000000,
0.8315877,0.0000000,
0.8318633,0.0000000,
0.8321389,0.0000000,
0.8324146,0.0000000,
0.8326902,0.0000000,
0.8329658,0.0000000,
0.8332415,0.0000000,
0.8335171,0.0000000,
0.8337927,0.0000000,
0.8340684,0.0000000,
0.8343440,0.0000000,
0.8346196,0.0000000,
0.8348953,0.0000000,
0.8351709,0.0000000,
0.8354465,0.0000000,
0.8357222,0.0000000,
0.8359978,0.0000000,
0.8362734,0.0000000,
0.8365491,0.0000000,
0.8368247,0.0000000,
0.8371003,0.0000000,
0.8373760,0.0000000,
0.8376516,0.0000000,
0.8379272,0.0000000,
0.8382029,0.0000000,
0.8384785,0.0000000,
0.8387541,0.0000000,
0.8390298,0.0000000,
0.8393054,0.0000000,
0.8395810,0.0000000,
0.8398567,0.0000000,
0.8401323,0.0000000,
0.8404079,0.0000000,
0.8406836,0.0000000,
0.8409592,0.0000000,
0.8412348,0.0000000,
0.8415105,0.0000000,
0.8417861,0.0000000,
0.8420617,0.0000000,
0.8423374,0.0000000,
0.8426130,0.0000000,
0.8428886,0.0000000,
0.8431643,0.0000000,
0.8434399,0.0000000,
0.8437156,0.0000000,
0.8439912,0.0000000,
0.8442668,0.0000000,
0.8445425,0.0000000,
0.8448181,0.0000000,
0.8450937,0.0000000,
0.8453694,0.0000000,
0.8456450,0.0000000,
0.8459206,0.0000000,
0.8461963,0.0000000,
0.8464719,0.0000000,
0.8467475,0.0000000,
0.8470232,0.0000000,
0.8472988,0.0000000,
0.8475744,0.0000000,
0.8478501,0.0000000,
0.8481257,0.0000000,
0.8484013,0.0000000,
0.8486770,0.0000000,
0.8489526,0.0000000,
0.8492282,0.0000000,
0.8495039,0.0000000,
0.8497795,0.0000000,
0.8500551,0.0000000,
0.8503308,0.0000000,
0.8506064,0.0000000,
0.8508820,0.0000000,
0.8511577,0.0000000,
0.8514333,0.0000000,
0.8517089,0.0000000,
0.8519846,0.0000000,
0.8522602,0.0000000,
0.8525358,0.0000000,
0.8528115,0.0000000,
0.8530871,0.0000000,
0.8533627,0.0000000,
0.8536384,0.0000000,
0.8539140,0.0000000,
0.8541896,0.0000000,
0.8544653,0.0000000,
0.8547409,0.0000000,
0.8550165,0.0000000,
0.8552922,0.0000000,
0.8555678,0.0000000,
0.8558434,0.0000000,
0.8561191,0.0000000,
0.8563947,0.0000000,
0.8566703,0.0000000,
0.8569460,0.0000000,
0.8572216,0.0000000,
0.8574972,0.0000000,
0.8577729,0.0000000,
0.8580485,0.0000000,
0.8583242,0.0000000,
0.8585998,0.0000000,
0.8588754,0.0000000,
0.8591511,0.0000000,
0.8594267,0.0000000,
0.8597023,0.0000000,
0.8599780,0.0000000,
0.8602536,0.0000000,
0.8605292,0.0000000,
0.8608049,0.0000000,
0.8610805,0.0000000,
0.8613561,0.0000000,
0.8616318,0.0000000,
0.8619074,0.0000000,
0.8621830,0.0000000,
0.8624587,0.0000000,
0.8627343,0.0000000,
0.8630099,0.0000000,
0.8632856,0.0000000,
0.8635612,0.0000000,
0.8638368,0.0000000,
0.8641125,0.0000000,
0.8643881,0.0000000,
0.8646637,0.0000000,
0.8649394,0.0000000,
0.8652150,0.0000000,
0.8654906,0.0000000,
0.8657663,0.0000000,
0.8660419,0.0000000,
0.8663175,0.0000000,
0.8665932,0.0000000,
0.8668688,0.0000000,
0.8671444,0.0000000,
0.8674201,0.0000000,
0.8676957,0.0000000,
0.8679713,0.0000000,
0.8682470,0.0000000,
0.8685226,0.0000000,
0.8687982,0.0000000,
0.8690739,0.0000000,
0.8693495,0.0000000,
0.8696251,0.0000000,
0.8699008,0.0000000,
0.8701764,0.0000000,
0.8704520,0.0000000,
0.8707277,0.0000000,
0.8710033,0.0000000,
0.8712789,0.0000000,
0.8715546,0.0000000,
0.8718302,0.0000000,
0.8721058,0.0000000,
0.8723815,0.0000000,
0.8726571,0.0000000,
0.8729328,0.0000000,
0.8732084,0.0000000,
0.8734840,0.0000000,
0.8737597,0.0000000,
0.8740353,0.0000000,
0.8743109,0.0000000,
0.8745866,0.0000000,
0.8748622,0.0000000,
0.8751378,0.0000000,
0.8754135,0.0000000,
0.8756891,0.0000000,
0.8759647,0.0000000,
0.8762404,0.0000000,
0.8765160,0.0000000,
0.8767916,0.0000000,
0.8770673,0.0000000,
0.8773429,0.0000000,
0.8776185,0.0000000,
0.8778942,0.0000000,
0.8781698,0.0000000,
0.8784454,0.0000000,
0.8787211,0.0000000,
0.8789967,0.0000000,
0.8792723,0.0000000,
0.8795480,0.0000000,
0.8798236,0.0000000,
0.8800992,0.0000000,
0.8803749,0.0000000,
0.8806505,0.0000000,
0.8809261,0.0000000,
0.8812018,0.0000000,
0.8814774,0.0000000,
0.8817530,0.0000000,
0.8820287,0.0000000,
0.8823043,0.0000000,
0.8825799,0.0000000,
0.8828556,0.0000000,
0.8831312,0.0000000,
0.8834068,0.0000000,
0.8836825,0.0000000,
0.8839581,0.0000000,
0.8842337,0.0000000,
0.8845094,0.0000000,
0.8847850,0.0000000,
0.8850606,0.0000000,
0.8853363,0.0000000,
0.8856119,0.0000000,
0.8858875,0.0000000,
0.8861632,0.0000000,
0.8864388,0.0000000,
0.8867144,0.0000000,
0.8869901,0.0000000,
0.8872657,0.0000000,
0.8875414,0.0000000,
0.8878170,0.0000000,
0.8880926,0.0000000,
0.8883683,0.0000000,
0.8886439,0.0000000,
0.8889195,0.0000000,
0.8891952,0.0000000,
0.8894708,0.0000000,
0.8897464,0.0000000,
0.8900221,0.0000000,
0.8902977,0.0000000,
0.8905733,0.0000000,
0.8908490,0.0000000,
0.8911246,0.0000000,
0.8914002,0.0000000,
0.8916759,0.0000000,
0.8919515,0.0000000,
0.8922271,0.0000000,
0.8925028,0.0000000,
0.8927784,0.0000000,
0.8930540,0.0000000,
0.8933297,0.0000000,
0.8936053,0.0000000,
0.8938809,0.0000000,
0.8941566,0.0000000,
0.8944322,0.0000000,
0.8947078,0.0000000,
0.8949835,0.0000000,
0.8952591,0.0000000,
0.8955347,0.0000000,
0.8958104,0.0000000,
0.8960860,0.0000000,
0.8963616,0.0000000,
0.8966373,0.0000000,
0.8969129,0.0000000,
0.8971885,0.0000000,
0.8974642,0.0000000,
0.8977398,0.0000000,
0.8980154,0.0000000,
0.8982911,0.0000000,
0.8985667,0.0000000,
0.8988423,0.0000000,
0.8991180,0.0000000,
0.8993936,0.0000000,
0.8996692,0.0000000,
0.8999449,0.0000000,
0.9002205,0.0000000,
0.9004961,0.0000000,
0.9007718,0.0000000,
0.9010474,0.0000000,
0.9013230,0.0000000,
0.9015987,0.0000000,
0.9018743,0.0000000,
0.9021499,0.0000000,
0.9024256,0.0000000,
0.9027012,0.0000000,
0.9029769,0.0000000,
0.9032525,0.0000000,
0.9035281,0.0000000,
0.9038038,0.0000000,
0.9040794,0.0000000,
0.9043550,0.0000000,
0.9046307,0.0000000,
0.9049063,0.0000000,
0.9051819,0.0000000,
0.9054576,0.0000000,
0.9057332,0.0000000,
0.9060088,0.0000000,
0.9062845,0.0000000,
0.9065601,0.0000000,
0.9068357,0.0000000,
0.9071114,0.0000000,
0.9073870,0.0000000,
0.9076626,0.0000000,
0.9079383,0.0000000,
0.9082139,0.0000000,
0.9084895,0.0000000,
0.9087652,0.0000000,
0.9090408,0.0000000,
0.9093164,0.0000000,
0.9095921,0.0000000,
0.9098677,0.0000000,
0.9101433,0.0000000,
0.9104190,0.0000000,
0.9106946,0.0000000,
0.9109702,0.0000000,
0.9112459,0.0000000,
0.9115215,0.0000000,
0.9117971,0.0000000,
0.9120728,0.0000000,
0.9123484,0.0000000,
0.9126240,0.0000000,
0.9128997,0.0000000,
0.9131753,0.0000000,
0.9134509,0.0000000,
0.9137266,0.0000000,
0.9140022,0.0000000,
0.9142778,0.0000000,
0.9145535,0.0000000,
0.9148291,0.0000000,
0.9151047,0.0000000,
0.9153804,0.0000000,
0.9156560,0.0000000,
0.9159316,0.0000000,
0.9162073,0.0000000,
0.9164829,0.0000000,
0.9167585,0.0000000,
0.9170342,0.0000000,
0.9173098,0.0000000,
0.9175855,0.0000000,
0.9178611,0.0000000,
0.9181367,0.0000000,
0.9184124,0.0000000,
0.9186880,0.0000000,
0.9189636,0.0000000,
0.9192393,0.0000000,
0.9195149,0.0000000,
0.9197905,0.0000000,
0.9200662,0.0000000,
0.9203418,0.0000000,
0.9206174,0.0000000,
0.9208931,0.0000000,
0.9211687,0.0000000,
0.9214443,0.0000000,
0.9217200,0.0000000,
0.9219956,0.0000000,
0.9222712,0.0000000,
0.9225469,0.0000000,
0.9228225,0.0000000,
0.9230981,0.0000000,
0.9233738,0.0000000,
0.9236494,0.0000000,
0.9239250,0.0000000,
0.9242007,0.0000000,
0.9244763,0.0000000,
0.9247519,0.0000000,
0.9250276,0.0000000,
0.9253032,0.0000000,
0.9255788,0.0000000,
0.9258545,0.0000000,
0.9261301,0.0000000,
0.9264057,0.0000000,
0.9266814,0.0000000,
0.9269570,0.0000000,
0.9272326,0.0000000,
0.9275083,0.0000000,
0.9277839,0.0000000,
0.9280595,0.0000000,
0.9283352,0.0000000,
0.9286108,0.0000000,
0.9288864,0.0000000,
0.9291621,0.0000000,
0.9294377,0.0000000,
0.9297133,0.0000000,
0.9299890,0.0000000,
0.9302646,0.0000000,
0.9305402,0.0000000,
0.9308159,0.0000000,
0.9310915,0.0000000,
0.9313671,0.0000000,
0.9316428,0.0000000,
0.9319184,0.0000000,
0.9321941,0.0000000,
0.9324697,0.0000000,
0.9327453,0.0000000,
0.9330210,0.0000000,
0.9332966,0.0000000,
0.9335722,0.0000000,
0.9338479,0.0000000,
0.9341235,0.0000000,
0.9343991,0.0000000,
0.9346748,0.0000000,
0.9349504,0.0000000,
0.9352260,0.0000000,
0.9355017,0.0000000,
0.9357773,0.0000000,
0.9360529,0.0000000,
0.9363286,0.0000000,
0.9366042,0.0000000,
0.9368798,0.0000000,
0.9371555,0.0000000,
0.9374311,0.0000000,
0.9377067,0.0000000,
0.9379824,0.0000000,
0.9382580,0.0000000,
0.9385336,0.0000000,
0.9388093,0.0000000,
0.9390849,0.0000000,
0.9393605,0.0000000,
0.9396362,0.0000000,
0.9399118,0.0000000,
0.9401874,0.0000000,
0.9404631,0.0000000,
0.9407387,0.0000000,
0.9410143,0.0000000,
0.9412900,0.0000000,
0.9415656,0.0000000,
0.9418412,0.0000000,
0.9421169,0.0000000,
0.9423925,0.0000000,
0.9426681,0.0000000,
0.9429438,0.0000000,
0.9432194,0.0000000,
0.9434950,0.0000000,
0.9437707,0.0000000,
0.9440463,0.0000000,
0.9443219,0.0000000,
0.9445976,0.0000000,
0.9448732,0.0000000,
0.9451488,0.0000000,
0.9454245,0.0000000,
0.9457001,0.0000000,
0.9459757,0.0000000,
0.9462514,0.0000000,
0.9465270,0.0000000,
0.9468027,0.0000000,
0.9470783,0.0000000,
0.9473539,0.0000000,
0.9476296,0.0000000,
0.9479052,0.0000000,
0.9481808,0.0000000,
0.9484565,0.0000000,
0.9487321,0.0000000,
0.9490077,0.0000000,
0.9492834,0.0000000,
0.9495590,0.0000000,
0.9498346,0.0000000,
0.9501103,0.0000000,
0.9503859,0.0000000,
0.9506615,0.0000000,
0.9509372,0.0000000,
0.9512128,0.0000000,
0.9514884,0.0000000,
0.9517641,0.0000000,
0.9520397,0.0000000,
0.9523153,0.0000000,
0.9525910,0.0000000,
0.9528666,0.0000000,
0.9531422,0.0000000,
0.9534179,0.0000000,
0.9536935,0.0000000,
0.9539691,0.0000000,
0.9542448,0.0000000,
0.9545204,0.0000000,
0.9547960,0.0000000,
0.9550717,0.0000000,
0.9553473,0.0000000,
0.9556229,0.0000000,
0.9558986,0.0000000,
0.9561742,0.0000000,
0.9564498,0.0000000,
0.9567255,0.0000000,
0.9570011,0.0000000,
0.9572767,0.0000000,
0.9575524,0.0000000,
0.9578280,0.0000000,
0.9581036,0.0000000,
0.9583793,0.0000000,
0.9586549,0.0000000,
0.9589305,0.0000000,
0.9592062,0.0000000,
0.9594818,0.0000000,
0.9597574,0.0000000,
0.9600331,0.0000000,
0.9603087,0.0000000,
0.9605843,0.0000000,
0.9608600,0.0000000,
0.9611356,0.0000000,
0.9614113,0.0000000,
0.9616869,0.0000000,
0.9619625,0.0000000,
0.9622382,0.0000000,
0.9625138,0.0000000,
0.9627894,0.0000000,
0.9630651,0.0000000,
0.9633407,0.0000000,
0.9636163,0.0000000,
0.9638920,0.0000000,
0.9641676,0.0000000,
0.9644432,0.0000000,
0.9647189,0.0000000,
0.9649945,0.0000000,
0.9652701,0.0000000,
0.9655458,0.0000000,
0.9658214,0.0000000,
0.9660970,0.0000000,
0.9663727,0.0000000,
0.9666483,0.0000000,
0.9669239,0.0000000,
0.9671996,0.0000000,
0.9674752,0.0000000,
0.9677508,0.0000000,
0.9680265,0.0000000,
0.9683021,0.0000000,
0.9685777,0.0000000,
0.9688534,0.0000000,
0.9691290,0.0000000,
0.9694046,0.0000000,
0.9696803,0.0000000,
0.9699559,0.0000000,
0.9702315,0.0000000,
0.9705072,0.0000000,
0.9707828,0.0000000,
0.9710584,0.0000000,
0.9713341,0.0000000,
0.9716097,0.0000000,
0.9718853,0.0000000,
0.9721610,0.0000000,
0.9724366,0.0000000,
0.9727122,0.0000000,
0.9729879,0.0000000,
0.9732635,0.0000000,
0.9735391,0.0000000,
0.9738148,0.0000000,
0.9740904,0.0000000,
0.9743660,0.0000000,
0.9746417,0.0000000,
0.9749173,0.0000000,
0.9751929,0.0000000,
0.9754686,0.0000000,
0.9757442,0.0000000,
0.9760199,0.0000000,
0.9762955,0.0000000,
0.9765711,0.0000000,
0.9768468,0.0000000,
0.9771224,0.0000000,
0.9773980,0.0000000,
0.9776737,0.0000000,
0.9779493,0.0000000,
0.9782249,0.0000000,
0.9785006,0.0000000,
0.9787762,0.0000000,
0.9790518,0.0000000,
0.9793275,0.0000000,
0.9796031,0.0000000,
0.9798787,0.0000000,
0.9801544,0.0000000,
0.9804300,0.0000000,
0.9807056,0.0000000,
0.9809813,0.0000000,
0.9812569,0.0000000,
0.9815325,0.0000000,
0.9818082,0.0000000,
0.9820838,0.0000000,
0.9823594,0.0000000,
0.9826351,0.0000000,
0.9829107,0.0000000,
0.9831863,0.0000000,
0.9834620,0.0000000,
0.9837376,0.0000000,
0.9840132,0.0000000,
0.9842889,0.0000000,
0.9845645,0.0000000,
0.9848401,0.0000000,
0.9851158,0.0000000,
0.9853914,0.0000000,
0.9856670,0.0000000,
0.9859427,0.0000000,
0.9862183,0.0000000,
0.9864939,0.0000000,
0.9867696,0.0000000,
0.9870452,0.0000000,
0.9873208,0.0000000,
0.9875965,0.0000000,
0.9878721,0.0000000,
0.9881477,0.0000000,
0.9884234,0.0000000,
0.9886990,0.0000000,
0.9889746,0.0000000,
0.9892503,0.0000000,
0.9895259,0.0000000,
0.9898015,0.0000000,
0.9900772,0.0000000,
0.9903528,0.0000000,
0.9906285,0.0000000,
0.9909041,0.0000000,
0.9911797,0.0000000,
0.9914554,0.0000000,
0.9917310,0.0000000,
0.9920066,0.0000000,
0.9922823,0.0000000,
0.9925579,0.0000000,
0.9928335,0.0000000,
0.9931092,0.0000000,
0.9933848,0.0000000,
0.9936604,0.0000000,
0.9939361,0.0000000,
0.9942117,0.0000000,
0.9944873,0.0000000,
0.9947630,0.0000000,
0.9950386,0.0000000,
0.9953142,0.0000000,
0.9955899,0.0000000,
0.9958655,0.0000000,
0.9961411,0.0000000,
0.9964168,0.0000000,
0.9966924,0.0000000,
0.9969680,0.0000000,
0.9972437,0.0000000,
0.9975193,0.0000000,
0.9977949,0.0000000,
0.9980706,0.0000000,
0.9983462,0.0000000,
0.9986218,0.0000000,
0.9988975,0.0000000,
0.9991731,0.0000000,
0.9994487,-0.0007967,
0.9997244,-0.0015466,
1.0000000,-0.0138976,
